id,programme,stress,sleep_hours,exam_score
1,Psychology,8.46,6.17,83.5
2,Psychology,1.05,7.11,98.9
3,Business,18.60,6.49,54.6
4,Psychology,2.68,6.10,69.0
5,Business,19.81,6.71,78.7
6,Psychology,1.09,6.02,82.7
7,Psychology,6.94,4.56,67.5
8,Psychology,10.24,6.18,95.1
9,Psychology,4.88,7.99,83.4
10,Business,0.05,8.47,71.5
11,Business,1.30,7.01,62.4
12,Psychology,19.37,6.45,77.1
13,Business,25.34,6.86,64.1
14,Psychology,14.86,7.12,68.9
15,Psychology,24.99,5.32,83.8
16,Business,7.86,5.99,72.1
17,Business,7.13,4.58,64.6
18,Business,10.26,7.10,77.8
19,Psychology,11.58,7.44,72.5
20,Business,26.12,4.91,67.4
21,Psychology,23.53,4.69,49.4
22,Business,12.49,6.81,61.1
23,Psychology,10.23,6.26,76.6
24,Business,8.98,7.60,62.2
25,Business,25.56,5.99,70.6
26,Psychology,33.52,6.46,57.5
27,Business,20.83,5.58,68.7
28,Business,14.35,5.86,79.9
29,Psychology,37.36,4.50,58.9
30,Business,3.70,8.81,89.3
31,Psychology,23.97,6.95,85.5
32,Business,4.40,8.01,80.1
33,Business,1.02,7.31,83.1
34,Business,39.30,6.83,79.4
35,Business,7.14,7.56,91.3
36,Business,6.02,6.89,71.7
37,Psychology,2.26,6.64,77.6
38,Business,11.10,7.87,60.1
39,Business,15.22,5.91,80.9
40,Psychology,7.84,5.12,75.0
41,Psychology,22.59,6.09,67.2
42,Business,17.06,4.17,66.5
43,Psychology,13.30,7.76,76.7
44,Business,9.68,5.27,59.6
45,Psychology,16.73,6.89,78.0
46,Business,6.12,6.16,91.7
47,Psychology,14.40,5.92,65.1
48,Business,8.69,5.95,79.8
49,Business,9.47,7.19,68.8
50,Business,3.95,8.32,88.5
51,Psychology,22.56,6.49,55.8
52,Business,24.20,7.37,71.9
53,Business,12.36,7.15,43.7
54,Psychology,5.85,4.13,58.9
55,Business,0.73,7.32,84.4
56,Psychology,13.68,7.46,57.2
57,Psychology,40.00,6.53,54.4
58,Psychology,3.35,5.99,81.9
59,Business,12.20,7.20,81.9
60,Business,8.55,8.80,68.5
61,Psychology,18.53,6.45,70.3
62,Business,0.17,7.56,68.4
63,Business,37.72,4.56,72.0
64,Psychology,10.09,7.48,68.7
65,Psychology,5.63,8.00,91.7
66,Business,1.27,7.24,66.9
67,Business,1.30,7.35,76.6
68,Psychology,21.41,6.80,69.9
69,Business,12.77,7.24,90.9
70,Psychology,26.96,8.54,58.4
71,Psychology,34.16,6.90,81.9
72,Psychology,6.68,6.83,79.1
73,Psychology,14.73,6.22,74.6
74,Psychology,13.60,8.54,68.1
75,Business,17.11,6.59,70.6
76,Psychology,2.36,7.78,93.5
77,Psychology,7.56,7.56,64.0
78,Business,15.22,7.31,78.5
79,Psychology,17.49,5.34,62.5
80,Business,0.13,6.39,79.7
81,Business,11.85,6.31,80.9
82,Business,2.89,7.79,70.0
83,Psychology,1.34,8.00,77.7
84,Psychology,12.37,5.22,90.9
85,Business,19.96,7.30,79.7
86,Business,12.39,7.02,67.9
87,Business,25.94,7.26,80.5
88,Psychology,0.81,8.65,100.0
89,Psychology,4.00,5.89,73.5
90,Business,2.06,7.59,88.8
91,Business,40.00,7.57,69.3
92,Psychology,21.54,6.10,69.3
93,Business,13.72,8.90,70.7
94,Business,38.54,3.00,36.0
95,Psychology,12.37,7.61,74.3
96,Psychology,5.28,4.79,72.2
97,Psychology,8.22,4.60,44.1
98,Psychology,33.78,5.77,74.0
99,Business,0.31,7.22,78.7
100,Psychology,8.18,8.24,81.2
101,Psychology,2.28,7.14,76.9
102,Business,4.52,7.23,73.0
103,Business,20.74,6.45,77.1
104,Psychology,34.96,5.48,47.7
105,Business,0.79,6.17,80.1
106,Business,40.00,6.46,70.9
107,Psychology,11.76,7.84,63.5
108,Psychology,16.28,6.55,71.6
109,Business,0.04,7.33,91.4
110,Psychology,23.17,6.24,50.4
111,Business,10.95,7.87,71.9
112,Psychology,25.93,5.85,67.4
113,Business,14.81,7.90,75.0
114,Business,12.00,6.84,67.0
115,Business,10.47,5.90,96.0
116,Business,40.00,5.63,71.6
117,Business,36.16,6.54,64.4
118,Psychology,6.63,5.33,69.5
119,Psychology,2.00,7.37,74.6
120,Psychology,29.34,4.78,43.9
121,Psychology,7.04,8.47,86.7
122,Psychology,8.23,5.85,95.7
123,Business,12.35,6.30,57.2
124,Business,25.19,7.94,79.5
125,Business,15.99,6.78,72.8
126,Psychology,8.31,5.83,89.6
127,Business,1.58,7.67,88.6
128,Business,0.40,7.90,82.3
129,Business,0.61,8.21,77.7
130,Psychology,0.80,7.27,61.7
131,Psychology,19.67,6.76,79.1
132,Business,10.77,6.61,53.6
133,Psychology,16.52,8.80,68.4
134,Psychology,11.67,7.45,60.0
135,Psychology,4.17,5.97,57.5
136,Psychology,26.87,6.58,65.3
137,Business,8.48,4.19,67.8
138,Psychology,2.02,7.64,73.8
139,Psychology,13.31,6.43,83.6
140,Business,4.17,6.45,74.0
141,Business,27.93,6.63,64.4
142,Psychology,1.80,7.62,80.0
143,Psychology,1.46,7.44,97.8
144,Business,40.00,7.01,41.0
145,Business,5.67,4.16,52.4
146,Business,2.20,7.15,76.4
147,Business,27.16,6.87,61.0
148,Psychology,3.91,7.98,62.7
149,Business,6.99,9.62,83.8
150,Psychology,8.62,7.76,79.7
151,Psychology,11.81,6.92,83.0
152,Psychology,0.11,7.65,84.7
153,Business,23.99,4.53,60.2
154,Business,2.56,8.23,68.4
155,Business,12.27,7.00,65.5
156,Psychology,12.07,7.20,89.9
157,Business,13.56,5.82,85.3
158,Business,6.64,6.78,55.4
159,Business,7.07,8.26,58.1
160,Business,12.45,6.23,75.1
161,Business,4.69,8.55,85.6
162,Psychology,12.66,7.27,70.6
163,Business,19.87,7.03,58.7
164,Business,8.41,8.75,80.8
165,Psychology,1.58,7.80,55.5
166,Psychology,6.31,5.85,77.5
167,Psychology,1.43,7.33,91.4
168,Psychology,17.13,6.41,74.0
169,Business,24.42,7.36,59.9
170,Business,5.13,5.91,68.3
171,Business,6.80,7.96,81.2
172,Business,3.73,8.60,52.8
173,Psychology,8.72,7.07,79.5
174,Psychology,10.12,5.30,63.5
175,Business,5.44,6.93,74.3
176,Psychology,3.73,8.25,71.8
177,Business,40.00,6.03,73.2
178,Business,4.84,7.06,67.5
179,Business,4.44,6.13,71.1
180,Business,23.41,6.81,65.8
181,Business,10.52,7.27,77.9
182,Business,3.22,7.42,80.9
183,Business,5.83,7.07,73.5
184,Business,0.94,6.82,77.7
185,Business,1.75,5.94,87.5
186,Business,1.82,6.66,77.5
187,Business,5.01,5.96,89.8
188,Business,40.00,6.10,48.8
189,Business,5.82,6.65,91.5
190,Business,0.70,4.84,75.4
191,Psychology,4.74,6.73,67.6
192,Business,9.70,6.95,62.4
193,Business,0.23,6.61,89.7
194,Psychology,2.79,8.60,98.7
195,Psychology,15.25,6.42,68.1
196,Business,9.99,5.41,57.9
197,Business,8.05,7.34,88.8
198,Business,10.60,9.08,88.8
199,Psychology,0.68,6.62,83.7
200,Business,9.31,5.89,59.8
201,Business,2.03,6.64,90.6
202,Psychology,16.01,6.52,58.3
203,Business,8.24,6.25,70.4
204,Business,6.45,5.51,51.9
205,Business,21.22,4.37,52.0
206,Psychology,20.39,7.07,72.8
207,Psychology,3.49,7.45,78.3
208,Psychology,10.36,5.91,95.0
209,Business,7.75,4.76,67.7
210,Business,18.38,5.70,68.7
211,Business,0.33,8.13,72.8
212,Business,10.45,7.49,96.1
213,Business,10.50,5.79,75.9
214,Psychology,6.22,7.06,79.6
215,Psychology,26.36,6.37,57.7
216,Business,12.09,7.19,70.7
217,Psychology,14.49,6.36,57.0
218,Psychology,8.76,7.44,89.1
219,Psychology,3.15,7.32,92.6
220,Business,3.79,8.00,90.2
221,Business,8.09,8.87,79.9
222,Business,1.44,9.52,85.2
223,Business,2.81,5.98,77.7
224,Business,5.71,7.76,88.6
225,Business,5.46,5.70,85.9
226,Psychology,22.01,5.05,59.5
227,Business,23.76,5.75,87.3
228,Psychology,1.65,7.35,78.4
229,Psychology,8.21,8.01,76.4
230,Psychology,4.15,6.34,77.4
231,Business,10.73,5.65,67.2
232,Psychology,7.20,7.42,96.6
233,Business,2.16,5.70,84.0
234,Psychology,11.74,6.68,78.4
235,Business,7.00,6.84,76.7
236,Psychology,0.21,6.81,66.0
237,Business,2.99,6.14,86.0
238,Business,7.35,7.94,50.8
239,Psychology,6.86,7.13,56.2
240,Business,3.33,8.06,76.2
241,Business,4.09,7.20,77.7
242,Psychology,40.00,3.89,40.0
243,Psychology,31.88,5.61,53.7
244,Psychology,18.10,7.07,80.4
245,Psychology,13.78,5.39,61.7
246,Business,21.63,6.99,76.2
247,Business,9.26,7.22,79.0
248,Business,13.71,6.97,59.5
249,Psychology,6.16,6.71,60.5
250,Business,5.23,8.12,91.2
251,Psychology,40.00,7.43,69.9
252,Psychology,16.60,8.04,79.9
253,Psychology,6.17,7.98,79.6
254,Psychology,3.16,7.72,66.2
255,Business,37.28,6.57,67.6
256,Psychology,2.15,5.84,80.1
257,Business,12.27,8.39,75.2
258,Psychology,5.49,8.57,79.7
259,Business,9.88,7.16,77.9
260,Psychology,40.00,5.36,66.3
261,Psychology,8.91,6.61,62.8
262,Psychology,0.11,7.40,69.5
263,Psychology,20.30,6.01,79.4
264,Business,5.57,7.19,64.8
265,Business,17.54,6.37,50.6
266,Business,3.81,6.65,65.8
267,Business,34.48,5.81,60.3
268,Psychology,3.22,8.31,83.8
269,Business,14.82,7.24,68.9
270,Business,22.66,8.35,80.4
271,Business,16.30,5.47,67.3
272,Business,7.90,6.22,91.0
273,Business,5.53,7.55,76.3
274,Psychology,1.41,5.56,45.3
275,Business,10.60,6.15,72.7
276,Business,7.13,6.83,64.3
277,Business,9.05,6.86,69.6
278,Psychology,4.66,6.83,75.9
279,Business,8.73,7.92,77.2
280,Psychology,5.51,6.51,96.5
281,Business,9.58,6.62,83.0
282,Business,1.52,6.15,67.0
283,Psychology,14.26,7.32,60.9
284,Psychology,2.42,6.35,57.4
285,Business,1.96,7.61,92.0
286,Business,1.52,5.94,68.1
287,Psychology,6.80,8.17,72.1
288,Psychology,11.68,6.44,82.9
289,Psychology,1.22,4.88,100.0
290,Business,13.83,7.46,87.8
291,Psychology,14.73,7.69,59.0
292,Business,9.81,5.98,68.7
293,Psychology,5.91,7.38,73.1
294,Psychology,1.89,5.14,71.8
295,Psychology,40.00,6.54,62.2
296,Business,12.07,8.47,75.1
297,Business,26.99,6.31,68.9
298,Business,17.14,5.78,76.6
299,Business,34.62,4.60,56.0
300,Psychology,35.25,5.79,62.6
301,Business,6.09,11.00,72.2
302,Business,8.58,5.50,38.4
303,Psychology,1.96,6.43,56.4
304,Business,6.17,8.68,78.4
305,Business,13.67,6.86,49.2
306,Business,34.41,6.39,53.9
307,Business,0.05,9.23,63.5
308,Business,8.75,7.43,58.3
309,Psychology,15.57,7.11,63.5
310,Business,2.93,4.99,86.1
311,Psychology,23.52,3.19,68.8
312,Psychology,29.66,7.08,59.8
313,Psychology,3.63,7.05,67.1
314,Business,6.20,6.64,78.0
315,Psychology,6.20,6.57,82.2
316,Psychology,20.58,6.45,79.5
317,Psychology,5.18,8.51,88.2
318,Business,19.40,6.05,60.4
319,Psychology,9.11,7.73,65.3
320,Business,4.19,8.00,93.6
321,Psychology,29.43,4.67,39.2
322,Psychology,21.73,6.04,82.0
323,Business,21.93,5.88,90.3
324,Business,35.80,7.40,68.9
325,Business,1.34,9.21,90.6
326,Business,4.66,8.19,92.4
327,Business,6.95,4.77,91.4
328,Psychology,12.63,8.11,76.0
329,Psychology,25.56,7.15,66.0
330,Business,7.55,7.00,87.5
331,Psychology,28.93,6.63,56.6
332,Psychology,1.81,8.61,84.3
333,Psychology,3.10,7.12,88.2
334,Business,13.24,6.73,72.7
335,Business,32.72,7.62,64.1
336,Business,5.85,5.70,68.1
337,Business,0.88,7.68,93.0
338,Psychology,33.59,4.64,57.1
339,Business,1.98,8.22,94.1
340,Business,14.07,8.32,55.8
341,Psychology,11.71,3.81,61.6
342,Psychology,28.02,7.70,74.5
343,Psychology,6.09,7.17,81.5
344,Psychology,21.47,6.45,74.5
345,Psychology,1.19,7.17,82.5
346,Business,40.00,4.98,75.1
347,Business,20.46,8.06,95.6
348,Psychology,13.57,7.00,75.3
349,Business,33.66,5.96,68.0
350,Psychology,11.21,8.43,64.3
351,Business,7.63,7.56,73.1
352,Business,9.07,8.14,77.7
353,Psychology,0.84,6.51,77.0
354,Business,7.90,7.31,77.5
355,Psychology,4.79,6.58,60.3
356,Psychology,17.85,7.56,80.0
357,Psychology,23.22,6.97,67.1
358,Psychology,14.51,4.93,78.0
359,Business,15.08,7.38,67.0
360,Business,11.16,6.43,56.3
361,Psychology,0.36,8.12,90.6
362,Business,21.78,5.37,75.8
363,Psychology,0.24,6.57,88.6
364,Business,11.89,7.26,83.1
365,Psychology,21.14,6.30,59.7
366,Psychology,16.00,8.77,81.3
367,Business,4.81,7.15,82.1
368,Psychology,31.31,7.41,60.9
369,Business,13.12,7.10,59.8
370,Psychology,2.66,7.19,90.9
371,Business,8.37,7.16,79.1
372,Psychology,0.89,7.21,72.2
373,Business,1.88,7.06,88.2
374,Psychology,5.82,7.83,61.9
375,Psychology,6.14,8.08,70.0
376,Business,2.51,7.54,88.2
377,Psychology,5.94,7.90,70.2
378,Psychology,23.08,4.85,54.0
379,Psychology,10.85,6.42,66.5
380,Business,5.63,6.28,83.9
381,Psychology,2.69,6.03,83.8
382,Psychology,2.63,6.11,78.6
383,Business,3.99,8.44,82.8
384,Psychology,22.52,7.42,64.0
385,Business,1.08,8.47,97.9
386,Business,12.22,6.55,82.8
387,Business,18.60,6.51,63.9
388,Business,37.58,7.44,72.4
389,Business,13.18,8.32,77.4
390,Psychology,4.72,7.91,85.8
391,Psychology,8.44,7.89,59.9
392,Business,14.89,7.67,55.4
393,Psychology,9.33,5.88,93.6
394,Psychology,2.85,7.49,72.3
395,Business,10.43,7.88,79.6
396,Psychology,14.00,7.54,72.2
397,Psychology,16.00,8.42,65.1
398,Psychology,40.00,7.08,47.8
399,Business,22.25,6.34,89.6
400,Business,26.42,5.86,84.6
401,Psychology,2.77,7.35,68.6
402,Business,3.76,7.60,78.8
403,Business,0.29,7.23,73.6
404,Business,3.17,6.14,65.9
405,Business,15.62,7.85,90.9
406,Psychology,5.81,7.80,72.4
407,Psychology,2.80,8.69,74.8
408,Business,4.64,7.77,73.7
409,Psychology,4.03,5.63,72.2
410,Business,9.17,5.23,54.2
411,Psychology,4.12,5.45,84.5
412,Business,20.18,5.67,64.2
413,Psychology,1.49,7.00,84.4
414,Business,0.02,6.72,79.1
415,Psychology,8.39,5.40,47.2
416,Business,14.00,7.46,67.1
417,Psychology,6.43,7.51,97.8
418,Psychology,8.04,7.82,85.1
419,Psychology,12.14,7.58,78.8
420,Business,7.39,7.26,82.5
421,Psychology,5.12,8.52,90.6
422,Psychology,31.37,5.67,52.8
423,Psychology,11.96,6.79,71.9
424,Business,18.59,8.07,68.5
425,Business,14.03,7.79,52.8
426,Psychology,3.30,6.70,75.0
427,Psychology,9.11,6.51,79.3
428,Business,31.61,8.08,74.0
429,Business,5.83,6.89,92.4
430,Business,1.89,7.26,89.6
431,Business,1.30,6.41,77.8
432,Psychology,9.58,7.00,64.4
433,Psychology,14.48,5.99,65.8
434,Psychology,1.59,7.97,43.7
435,Psychology,5.30,6.50,62.4
436,Business,15.96,4.05,58.0
437,Psychology,14.12,8.03,79.3
438,Business,6.17,7.70,75.4
439,Business,6.05,7.92,68.5
440,Business,13.20,7.38,74.8
441,Psychology,11.95,7.87,85.5
442,Psychology,4.69,7.32,83.9
443,Psychology,23.98,8.07,68.9
444,Psychology,10.45,7.10,55.5
445,Business,4.22,6.55,83.9
446,Psychology,0.42,7.12,74.4
447,Psychology,4.23,6.86,57.9
448,Business,1.81,8.76,100.0
449,Business,10.68,8.17,63.1
450,Business,20.29,6.25,70.5
451,Psychology,39.10,4.46,41.2
452,Business,10.75,7.48,66.3
453,Business,7.94,7.20,90.2
454,Business,6.85,7.18,85.1
455,Business,30.16,6.33,55.4
456,Psychology,2.44,6.25,84.5
457,Business,8.73,7.26,72.3
458,Psychology,3.02,6.19,77.4
459,Psychology,1.09,6.46,67.5
460,Psychology,29.92,4.33,58.0
461,Psychology,22.18,4.78,55.5
462,Business,5.83,7.48,96.8
463,Business,34.98,7.35,61.5
464,Psychology,21.04,5.63,76.0
465,Psychology,4.81,7.21,90.0
466,Psychology,5.84,8.44,83.0
467,Psychology,34.96,4.67,60.5
468,Psychology,2.89,9.68,84.0
469,Psychology,12.07,7.01,75.8
470,Psychology,8.97,8.73,87.2
471,Psychology,22.23,4.77,76.2
472,Psychology,12.58,8.64,78.4
473,Business,26.80,5.41,66.5
474,Business,33.11,6.89,55.1
475,Business,15.77,6.98,78.1
476,Business,0.62,6.94,76.4
477,Psychology,0.41,6.61,73.5
478,Psychology,16.55,5.70,55.1
479,Psychology,7.00,6.48,68.2
480,Business,36.29,5.95,59.4
481,Business,0.92,5.42,51.7
482,Business,40.00,6.28,72.6
483,Business,2.19,5.44,90.6
484,Psychology,27.38,5.86,69.0
485,Psychology,14.86,7.53,66.7
486,Business,3.98,7.12,71.7
487,Business,0.95,9.26,84.4
488,Business,14.95,7.46,67.4
489,Psychology,21.15,6.88,64.5
490,Psychology,5.37,7.05,78.5
491,Psychology,3.44,7.81,92.6
492,Psychology,10.41,6.29,65.5
493,Psychology,10.78,7.87,82.1
494,Psychology,0.30,7.86,79.9
495,Business,12.44,8.04,77.5
496,Business,2.97,8.06,81.7
497,Psychology,5.99,7.71,66.3
498,Psychology,10.88,6.38,74.0
499,Psychology,8.58,6.51,60.9
500,Psychology,1.50,8.13,88.4
501,Psychology,1.00,6.44,64.1
502,Business,2.58,7.15,96.0
503,Psychology,27.12,5.83,61.6
504,Business,10.10,5.64,78.5
505,Business,12.41,6.24,54.7
506,Business,2.38,7.18,87.5
507,Psychology,5.57,8.20,75.8
508,Business,9.17,7.89,81.1
509,Psychology,7.22,5.92,93.0
510,Psychology,15.14,6.25,73.9
511,Psychology,30.61,6.46,78.8
512,Psychology,36.75,7.20,81.6
513,Business,0.03,7.19,68.1
514,Psychology,30.31,4.62,74.5
515,Psychology,1.27,7.96,64.0
516,Business,22.20,5.55,59.8
517,Psychology,12.19,6.43,83.0
518,Business,1.79,8.56,86.7
519,Business,6.24,6.03,56.8
520,Business,40.00,5.04,50.2
521,Business,13.82,6.34,96.4
522,Business,18.71,7.66,65.0
523,Business,7.98,7.99,96.6
524,Business,21.04,5.49,71.1
525,Psychology,40.00,5.66,51.4
526,Business,16.25,7.62,54.6
527,Psychology,40.00,5.96,59.3
528,Business,14.12,5.72,55.8
529,Business,3.17,7.97,98.3
530,Psychology,2.59,6.22,67.4
531,Business,15.86,6.99,66.2
532,Business,4.53,7.14,73.0
533,Psychology,7.21,7.55,90.0
534,Psychology,40.00,6.26,63.6
535,Business,2.87,5.45,56.3
536,Business,40.00,6.78,59.3
537,Psychology,18.19,5.03,81.3
538,Business,24.26,6.86,73.5
539,Psychology,28.65,6.65,78.8
540,Psychology,17.72,7.10,81.6
541,Business,0.70,7.99,96.2
542,Psychology,5.19,6.29,86.4
543,Psychology,14.30,6.47,84.8
544,Psychology,2.62,5.41,73.5
545,Psychology,5.46,9.01,95.4
546,Psychology,7.47,5.51,72.1
547,Business,12.71,6.94,54.6
548,Business,9.26,6.52,82.1
549,Business,3.58,6.83,76.2
550,Business,13.43,5.22,70.3
551,Psychology,21.08,7.02,54.2
552,Business,0.66,8.41,69.4
553,Psychology,0.57,5.86,78.9
554,Psychology,6.42,8.88,75.9
555,Business,10.96,6.30,71.3
556,Business,29.63,5.95,65.5
557,Business,3.57,6.10,65.9
558,Psychology,4.08,8.12,73.7
559,Business,10.75,6.08,68.8
560,Business,3.40,6.33,67.9
561,Business,15.27,5.37,64.9
562,Business,18.31,7.52,68.8
563,Business,15.35,6.55,69.4
564,Business,13.07,6.52,83.1
565,Business,5.31,8.13,71.6
566,Psychology,40.00,4.73,70.4
567,Psychology,6.96,6.97,98.3
568,Psychology,1.77,7.53,84.9
569,Psychology,2.09,6.48,87.2
570,Business,1.09,6.70,60.1
571,Business,10.26,5.45,63.3
572,Business,1.07,6.68,76.8
573,Psychology,23.10,6.83,92.5
574,Business,1.60,5.95,87.5
575,Business,14.64,6.05,68.5
576,Business,11.34,6.39,67.0
577,Business,19.26,6.11,81.1
578,Business,0.44,7.06,91.0
579,Business,21.20,5.24,45.1
580,Business,3.04,7.77,78.5
581,Psychology,1.56,5.97,69.7
582,Business,34.41,8.53,61.0
583,Psychology,13.15,6.14,58.8
584,Psychology,3.24,7.10,73.6
585,Psychology,30.52,7.06,65.3
586,Business,26.79,9.33,66.8
587,Business,18.12,5.62,72.7
588,Psychology,27.94,5.72,60.0
589,Psychology,9.75,6.43,72.8
590,Business,14.33,7.89,72.7
591,Psychology,36.98,4.83,75.4
592,Business,29.64,6.59,95.0
593,Business,5.36,6.68,61.7
594,Business,13.36,8.59,71.8
595,Psychology,7.77,8.73,88.1
596,Business,4.28,8.01,72.8
597,Psychology,33.81,5.07,49.0
598,Business,0.91,7.96,68.6
599,Psychology,0.79,7.78,77.1
600,Psychology,40.00,4.72,64.3
601,Business,3.91,6.38,90.4
602,Psychology,16.40,6.30,68.6
603,Business,18.95,5.38,64.5
604,Psychology,16.72,8.32,87.3
605,Business,1.18,8.10,90.1
606,Psychology,1.41,7.44,76.6
607,Business,3.44,8.02,57.6
608,Psychology,3.16,7.48,85.1
609,Business,3.02,6.15,63.4
610,Business,19.90,6.80,74.0
611,Business,8.56,5.37,68.6
612,Psychology,1.75,5.99,84.8
613,Psychology,40.00,6.82,60.9
614,Business,7.37,6.81,80.6
615,Business,12.28,7.64,71.4
616,Psychology,17.91,4.53,58.9
617,Psychology,10.56,8.51,58.4
618,Business,2.05,5.42,68.1
619,Business,27.12,7.21,84.5
620,Psychology,20.49,4.25,64.2
621,Business,0.34,6.82,74.5
622,Business,33.21,6.57,69.7
623,Psychology,9.08,5.11,84.8
624,Psychology,2.33,7.87,91.7
625,Psychology,20.47,5.74,55.2
626,Business,1.17,6.97,100.0
627,Psychology,22.97,6.42,78.9
628,Business,34.67,6.64,66.8
629,Business,13.77,5.79,56.2
630,Psychology,14.58,7.50,64.9
631,Business,38.90,5.90,74.9
632,Business,0.93,10.82,88.2
633,Business,21.49,6.52,58.7
634,Psychology,3.94,6.92,75.3
635,Business,1.94,6.39,77.9
636,Business,7.89,8.28,66.6
637,Psychology,5.61,5.90,85.2
638,Psychology,8.07,7.26,78.6
639,Psychology,7.78,8.00,78.3
640,Psychology,2.68,8.03,97.3
641,Psychology,4.23,7.62,63.6
642,Psychology,0.92,7.07,84.4
643,Business,12.63,5.14,55.0
644,Business,12.92,4.50,81.6
645,Business,0.09,7.92,80.8
646,Business,0.82,8.23,72.9
647,Business,9.35,7.05,59.9
648,Business,25.38,6.93,63.3
649,Business,4.85,8.15,100.0
650,Psychology,4.99,5.88,73.4
651,Psychology,8.62,7.68,79.5
652,Business,7.93,8.17,64.2
653,Business,31.08,6.52,76.7
654,Business,3.90,7.23,73.9
655,Psychology,1.29,6.49,81.9
656,Psychology,27.29,6.96,76.1
657,Psychology,17.47,4.96,51.6
658,Business,3.92,8.48,93.1
659,Psychology,23.97,5.97,48.4
660,Business,31.05,6.09,57.1
661,Psychology,16.62,7.77,75.4
662,Business,1.19,10.13,92.3
663,Psychology,18.92,6.39,64.7
664,Business,5.64,6.19,63.1
665,Psychology,22.82,6.65,69.3
666,Psychology,3.25,5.85,75.2
667,Psychology,2.72,9.67,91.2
668,Psychology,0.51,8.45,73.8
669,Business,1.28,3.29,57.3
670,Business,11.29,6.77,76.7
671,Business,3.69,8.03,94.1
672,Psychology,3.60,8.37,75.8
673,Psychology,4.91,6.87,77.5
674,Psychology,13.92,8.90,100.0
675,Psychology,0.47,6.96,81.1
676,Business,19.08,7.35,73.1
677,Psychology,15.05,5.14,60.5
678,Psychology,11.16,4.88,68.7
679,Business,23.12,5.81,74.7
680,Psychology,7.64,6.74,82.3
681,Business,2.72,7.88,74.4
682,Business,9.80,7.59,72.0
683,Psychology,23.01,7.23,59.8
684,Business,7.94,6.81,88.9
685,Psychology,23.38,6.25,79.2
686,Psychology,4.15,9.23,80.7
687,Business,5.45,5.91,78.5
688,Psychology,5.01,6.53,94.0
689,Psychology,0.67,5.99,76.8
690,Business,31.41,4.69,75.5
691,Psychology,0.27,8.13,85.4
692,Psychology,3.82,6.78,85.7
693,Business,0.65,6.59,81.1
694,Psychology,1.01,8.75,80.2
695,Psychology,8.71,6.53,45.2
696,Psychology,40.00,5.29,46.1
697,Business,17.51,7.51,84.4
698,Psychology,30.94,6.99,37.5
699,Psychology,19.70,6.24,87.8
700,Psychology,31.02,6.92,69.5
701,Psychology,8.66,7.24,87.8
702,Business,16.83,7.63,64.1
703,Business,11.18,6.24,69.7
704,Business,9.33,6.80,73.2
705,Psychology,6.79,6.42,87.6
706,Psychology,23.03,6.14,57.5
707,Business,13.81,6.68,48.6
708,Psychology,9.01,7.44,69.8
709,Psychology,2.81,6.22,67.1
710,Business,18.71,5.54,67.4
711,Psychology,0.10,7.99,100.0
712,Business,2.27,7.68,96.8
713,Psychology,11.98,6.59,76.5
714,Psychology,27.65,5.04,58.7
715,Psychology,24.38,7.88,83.7
716,Psychology,12.78,7.60,69.5
717,Psychology,5.36,8.22,77.5
718,Business,12.25,5.44,57.3
719,Business,9.65,6.46,71.3
720,Business,11.56,6.37,79.8
721,Psychology,40.00,6.35,53.2
722,Psychology,6.17,8.20,74.6
723,Psychology,2.34,6.48,86.6
724,Psychology,12.78,6.27,77.3
725,Psychology,1.61,6.91,73.6
726,Business,2.24,7.16,81.8
727,Psychology,23.34,7.72,75.4
728,Business,3.67,5.73,63.8
729,Business,27.55,6.52,58.3
730,Psychology,3.65,7.74,76.2
731,Business,9.08,6.00,96.7
732,Psychology,1.91,5.19,67.3
733,Psychology,19.56,6.87,75.4
734,Business,15.56,6.02,66.7
735,Business,10.27,5.68,80.8
736,Business,9.57,5.70,71.1
737,Business,7.77,5.66,75.3
738,Psychology,24.94,7.79,60.2
739,Psychology,3.50,7.36,88.3
740,Business,0.59,6.42,72.2
741,Business,2.15,7.80,58.3
742,Business,13.38,8.04,87.5
743,Business,9.33,6.98,81.2
744,Business,5.07,4.91,70.3
745,Psychology,22.92,6.53,71.2
746,Psychology,24.89,7.96,42.4
747,Business,4.86,8.69,83.3
748,Psychology,10.95,7.15,87.7
749,Business,4.34,8.78,61.5
750,Psychology,5.48,6.65,79.0
751,Psychology,6.08,6.93,57.2
752,Business,17.67,8.42,61.9
753,Psychology,5.11,8.50,85.2
754,Business,32.00,7.40,55.8
755,Business,1.63,6.36,81.1
756,Business,34.99,6.96,67.4
757,Business,8.05,6.05,60.1
758,Business,6.78,5.60,86.7
759,Psychology,4.58,6.61,61.6
760,Business,9.14,4.86,69.2
761,Psychology,18.72,7.32,72.7
762,Business,6.52,7.55,94.9
763,Psychology,19.41,7.49,60.7
764,Business,29.53,6.64,45.9
765,Psychology,1.53,6.72,73.3
766,Psychology,16.50,6.61,69.2
767,Business,3.82,8.86,77.5
768,Business,3.51,6.37,81.1
769,Psychology,4.55,8.28,86.5
770,Psychology,1.18,8.34,79.0
771,Business,40.00,5.40,35.9
772,Psychology,16.33,8.02,71.3
773,Business,1.36,6.44,66.9
774,Psychology,1.46,5.70,90.5
775,Business,3.23,5.68,86.6
776,Business,5.79,7.54,90.7
777,Psychology,5.65,6.16,58.4
778,Business,21.51,7.22,78.4
779,Business,23.78,7.58,63.5
780,Business,4.52,4.99,80.3
781,Business,19.34,5.02,60.5
782,Business,5.90,5.94,68.8
783,Psychology,1.64,6.93,81.7
784,Business,3.60,6.95,56.6
785,Business,8.82,8.14,64.2
786,Business,6.03,7.65,72.8
787,Business,2.34,6.40,81.1
788,Psychology,18.52,7.62,33.4
789,Business,9.83,7.02,87.1
790,Business,3.12,7.28,71.3
791,Business,0.95,6.76,60.1
792,Business,5.21,7.68,89.2
793,Business,6.04,9.47,89.8
794,Psychology,14.46,8.01,80.2
795,Business,3.53,9.62,85.0
796,Psychology,11.84,5.47,73.5
797,Psychology,1.62,8.17,85.9
798,Psychology,4.13,7.83,81.9
799,Business,9.88,7.23,80.1
800,Business,30.83,6.02,47.9
801,Business,9.53,6.21,87.1
802,Business,8.24,6.87,77.1
803,Business,6.78,5.51,94.6
804,Business,1.31,5.11,75.1
805,Business,3.50,7.35,83.8
806,Psychology,28.79,6.28,74.6
807,Business,8.86,6.30,73.9
808,Psychology,0.43,6.70,82.9
809,Business,1.43,7.57,86.2
810,Business,15.32,7.34,60.4
811,Business,16.11,6.91,64.4
812,Business,40.00,5.70,54.0
813,Business,17.26,5.08,61.5
814,Business,17.98,8.37,74.6
815,Business,5.98,6.12,54.0
816,Business,40.00,6.42,55.3
817,Psychology,2.21,8.10,65.5
818,Psychology,10.43,6.17,68.9
819,Business,6.43,6.85,90.3
820,Business,2.40,6.79,76.4
821,Psychology,5.01,7.34,70.5
822,Psychology,2.24,7.26,80.2
823,Business,9.29,5.73,69.6
824,Business,21.93,6.36,70.7
825,Business,40.00,6.90,72.5
826,Business,11.68,6.83,72.2
827,Business,2.45,5.62,61.4
828,Psychology,0.50,6.63,74.6
829,Psychology,19.32,6.70,69.2
830,Psychology,27.61,5.50,62.9
831,Psychology,0.72,6.64,80.1
832,Business,2.49,6.81,74.5
833,Business,8.05,7.02,90.9
834,Business,8.52,7.72,61.1
835,Business,7.43,7.94,91.3
836,Business,4.11,5.64,84.8
837,Business,16.96,8.79,75.9
838,Business,7.22,6.56,65.6
839,Psychology,11.72,8.41,77.1
840,Business,2.98,7.44,87.8
841,Psychology,12.75,9.37,83.0
842,Psychology,1.51,7.61,68.4
843,Psychology,40.00,6.61,51.2
844,Psychology,8.64,7.12,54.5
845,Psychology,18.81,5.83,72.2
846,Psychology,40.00,5.15,73.4
847,Business,22.38,7.67,63.2
848,Psychology,11.44,8.27,96.1
849,Business,6.34,5.97,72.8
850,Psychology,4.71,7.84,73.2
851,Business,1.92,7.77,89.7
852,Business,1.28,9.33,67.5
853,Business,1.62,7.14,68.2
854,Psychology,6.30,7.35,66.1
855,Psychology,10.68,5.39,79.5
856,Psychology,1.04,4.91,89.7
857,Business,2.11,6.70,89.1
858,Psychology,7.98,7.43,73.8
859,Business,13.71,8.13,87.9
860,Business,24.78,7.15,44.7
861,Business,14.95,8.24,83.5
862,Business,40.00,6.28,69.4
863,Business,5.06,6.26,80.5
864,Business,4.95,4.75,68.1
865,Business,40.00,7.63,75.0
866,Business,30.21,7.56,55.2
867,Psychology,33.03,3.69,35.0
868,Psychology,3.30,6.79,66.4
869,Business,5.46,6.84,74.2
870,Psychology,29.65,6.61,71.4
871,Business,6.79,6.47,54.7
872,Business,2.53,7.50,92.3
873,Business,0.77,7.20,75.8
874,Psychology,14.93,7.57,85.5
875,Business,31.77,7.45,72.1
876,Psychology,4.57,8.31,72.0
877,Business,4.51,6.04,76.3
878,Psychology,6.94,7.45,86.8
879,Psychology,1.04,7.81,73.3
880,Business,6.16,6.09,60.5
881,Psychology,5.69,6.40,64.7
882,Business,8.73,9.11,81.3
883,Psychology,1.57,7.35,67.6
884,Business,5.16,4.75,72.6
885,Business,15.59,6.66,82.1
886,Psychology,22.53,6.48,75.7
887,Business,23.59,4.99,73.2
888,Business,14.27,7.54,82.0
889,Psychology,40.00,6.02,40.9
890,Psychology,38.16,4.45,49.0
891,Psychology,13.35,7.31,62.5
892,Psychology,34.57,4.25,45.4
893,Business,5.49,7.47,66.8
894,Business,0.01,5.99,91.5
895,Psychology,8.41,8.60,69.6
896,Psychology,40.00,4.15,41.5
897,Business,25.06,6.63,84.3
898,Psychology,25.85,7.79,69.1
899,Business,24.84,7.55,71.6
900,Psychology,1.64,4.90,56.6
901,Psychology,6.01,7.72,75.7
902,Psychology,0.20,7.04,100.0
903,Business,0.16,8.00,90.7
904,Business,14.38,6.69,76.2
905,Business,40.00,6.70,55.6
906,Psychology,5.31,7.25,69.1
907,Business,2.41,5.96,68.0
908,Psychology,34.04,6.03,57.8
909,Business,4.09,5.08,83.1
910,Psychology,32.08,7.68,69.2
911,Business,30.40,7.51,66.2
912,Psychology,8.86,7.30,80.8
913,Business,20.18,6.13,66.6
914,Business,9.86,8.16,72.8
915,Psychology,1.12,6.62,100.0
916,Psychology,2.24,8.97,68.2
917,Business,1.28,7.87,91.5
918,Psychology,40.00,6.32,61.1
919,Business,30.32,6.31,59.3
920,Psychology,15.97,7.46,61.8
921,Business,9.10,9.70,75.7
922,Business,6.98,7.13,62.5
923,Business,7.59,7.71,67.8
924,Psychology,25.64,6.67,84.0
925,Business,11.82,6.28,83.2
926,Psychology,6.19,6.61,74.3
927,Psychology,5.76,7.19,61.1
928,Business,0.88,6.29,75.1
929,Psychology,0.50,7.26,52.6
930,Business,23.91,6.89,85.4
931,Business,2.25,7.22,88.6
932,Psychology,11.08,7.62,79.2
933,Business,40.00,6.48,55.3
934,Business,8.27,7.43,60.1
935,Business,18.98,7.97,78.7
936,Psychology,4.31,5.39,77.4
937,Psychology,27.58,5.95,63.4
938,Business,8.40,4.55,47.7
939,Psychology,28.82,5.69,69.6
940,Psychology,0.86,7.36,71.0
941,Psychology,5.35,6.30,81.0
942,Psychology,20.12,7.17,83.8
943,Business,5.73,7.65,74.4
944,Business,13.47,7.03,72.3
945,Business,5.67,6.57,88.2
946,Business,9.75,5.79,84.7
947,Psychology,23.04,5.93,65.5
948,Business,9.42,7.29,72.2
949,Business,1.91,8.15,69.7
950,Business,40.00,6.02,61.0
951,Business,15.87,7.33,43.7
952,Business,1.92,6.46,89.3
953,Business,5.40,8.69,66.2
954,Business,39.38,5.03,55.3
955,Business,9.10,5.83,91.9
956,Psychology,0.82,7.80,88.8
957,Business,13.35,3.99,49.3
958,Psychology,3.96,8.63,77.2
959,Psychology,7.00,7.87,100.0
960,Business,12.28,6.78,81.6
961,Business,17.09,6.23,66.5
962,Psychology,1.16,8.11,93.5
963,Business,40.00,6.24,61.1
964,Psychology,8.16,6.05,76.8
965,Business,11.45,7.31,79.4
966,Psychology,6.82,6.97,49.3
967,Psychology,6.17,8.89,100.0
968,Business,1.73,6.53,82.9
969,Psychology,7.94,5.92,87.6
970,Business,10.96,7.17,71.6
971,Business,27.35,7.76,72.0
972,Psychology,7.99,7.15,82.8
973,Psychology,0.98,6.57,70.6
974,Psychology,13.52,6.93,64.8
975,Psychology,8.41,6.03,74.9
976,Psychology,1.96,6.48,82.9
977,Psychology,8.88,7.47,79.1
978,Psychology,5.11,6.81,92.6
979,Business,5.20,6.71,80.6
980,Business,3.59,7.24,71.6
981,Business,31.91,7.48,58.6
982,Psychology,14.04,7.18,69.6
983,Business,17.11,6.68,59.0
984,Psychology,12.19,7.18,76.4
985,Psychology,20.32,5.58,64.1
986,Psychology,0.21,6.86,77.0
987,Psychology,0.07,6.34,69.3
988,Psychology,8.00,7.71,81.6
989,Business,40.00,6.82,61.9
990,Business,29.38,6.37,77.6
991,Psychology,38.49,5.00,62.5
992,Psychology,40.00,4.97,49.6
993,Psychology,9.61,6.72,73.8
994,Psychology,18.37,5.24,71.6
995,Psychology,23.76,6.39,67.7
996,Psychology,2.15,6.97,99.8
997,Psychology,6.57,10.53,76.6
998,Psychology,6.22,8.45,66.6
999,Business,3.18,5.78,65.6
1000,Psychology,22.36,6.17,65.8
1001,Psychology,7.50,7.66,84.7
1002,Psychology,15.78,4.87,74.3
1003,Business,24.07,7.16,80.1
1004,Business,1.37,6.88,66.8
1005,Business,12.77,8.71,71.5
1006,Psychology,21.47,5.97,88.7
1007,Business,6.72,6.39,60.6
1008,Business,24.89,5.08,51.8
1009,Business,32.27,5.28,49.9
1010,Business,6.76,5.50,68.3
1011,Business,4.73,7.79,99.9
1012,Business,19.33,5.13,73.0
1013,Business,32.15,5.45,70.9
1014,Psychology,1.95,8.32,76.4
1015,Psychology,3.30,8.84,65.3
1016,Psychology,39.58,6.19,56.3
1017,Psychology,3.21,6.89,74.6
1018,Psychology,10.34,7.34,81.9
1019,Business,3.23,7.04,78.3
1020,Psychology,26.50,4.93,77.9
1021,Psychology,40.00,5.86,65.7
1022,Psychology,5.57,9.10,100.0
1023,Business,8.90,5.58,63.6
1024,Business,11.23,6.28,82.9
1025,Business,11.81,7.62,82.5
1026,Business,12.07,6.88,63.3
1027,Psychology,23.30,6.54,56.4
1028,Business,5.95,6.14,93.3
1029,Psychology,16.78,7.38,64.8
1030,Psychology,22.58,6.60,54.9
1031,Business,9.91,5.61,73.6
1032,Business,16.50,6.30,65.1
1033,Business,2.85,5.41,69.3
1034,Business,11.75,5.57,77.7
1035,Business,26.49,6.45,54.8
1036,Business,2.87,6.38,77.4
1037,Business,2.28,7.87,91.6
1038,Psychology,17.01,4.60,40.7
1039,Psychology,16.93,7.07,28.0
1040,Business,17.55,6.42,74.2
1041,Psychology,7.44,5.82,86.4
1042,Psychology,2.51,7.09,88.8
1043,Psychology,11.74,7.74,74.1
1044,Business,10.11,6.69,78.7
1045,Business,20.15,6.84,78.8
1046,Psychology,0.75,6.09,90.1
1047,Business,1.56,6.06,54.6
1048,Business,4.48,6.42,83.1
1049,Psychology,6.52,6.60,76.1
1050,Psychology,19.06,7.14,84.3
1051,Psychology,1.19,9.41,87.4
1052,Psychology,14.58,4.89,72.7
1053,Business,10.88,8.12,81.9
1054,Business,15.33,5.37,61.2
1055,Business,30.44,8.13,61.6
1056,Business,3.83,7.94,88.2
1057,Psychology,40.00,3.97,30.9
1058,Business,3.88,8.04,81.5
1059,Psychology,12.46,5.54,67.2
1060,Business,6.74,6.13,71.1
1061,Business,1.94,6.88,91.6
1062,Psychology,9.23,7.83,81.7
1063,Psychology,9.64,6.16,82.1
1064,Business,8.16,5.29,96.9
1065,Psychology,3.19,4.95,69.4
1066,Business,7.05,6.99,73.9
1067,Business,1.97,6.69,83.5
1068,Business,12.75,8.94,76.5
1069,Business,4.44,8.25,71.1
1070,Psychology,20.37,6.42,82.2
1071,Business,8.89,7.51,63.3
1072,Psychology,27.28,5.62,53.9
1073,Business,25.39,7.73,58.3
1074,Business,17.10,7.74,84.8
1075,Business,5.45,6.96,82.4
1076,Psychology,9.68,5.84,77.0
1077,Business,13.88,8.69,77.3
1078,Business,0.16,9.47,77.4
1079,Psychology,40.00,6.10,64.7
1080,Psychology,5.76,8.10,65.1
1081,Psychology,4.49,7.53,82.5
1082,Psychology,10.27,6.25,74.3
1083,Psychology,4.64,6.04,78.6
1084,Psychology,7.59,7.51,88.2
1085,Psychology,17.43,6.89,75.2
1086,Psychology,1.21,6.57,70.3
1087,Business,3.57,5.78,62.5
1088,Business,7.77,7.33,83.6
1089,Business,11.19,6.07,75.9
1090,Psychology,12.12,6.43,62.8
1091,Psychology,0.06,6.55,74.6
1092,Business,37.35,5.66,48.5
1093,Business,22.42,6.23,80.9
1094,Business,11.23,8.47,70.8
1095,Business,19.51,6.46,79.4
1096,Business,0.10,5.85,67.3
1097,Business,40.00,5.13,52.9
1098,Psychology,5.48,7.32,60.6
1099,Business,0.50,7.95,75.0
1100,Psychology,14.06,8.10,65.2
1101,Psychology,33.56,7.07,50.4
1102,Business,0.88,7.61,84.8
1103,Psychology,14.09,4.77,83.7
1104,Psychology,3.38,6.47,83.7
1105,Business,18.09,6.18,68.3
1106,Business,11.66,3.10,57.9
1107,Business,34.34,5.06,54.7
1108,Psychology,12.99,6.30,65.6
1109,Business,1.37,9.26,95.9
1110,Psychology,12.15,6.50,79.9
1111,Business,11.94,6.43,67.4
1112,Psychology,8.05,8.73,100.0
1113,Psychology,15.77,6.54,70.7
1114,Business,7.42,6.44,61.3
1115,Psychology,0.87,6.58,84.0
1116,Psychology,4.12,8.88,95.4
1117,Psychology,22.88,7.83,75.3
1118,Business,1.45,7.02,84.8
1119,Psychology,4.86,6.10,81.4
1120,Business,16.43,6.19,58.3
1121,Psychology,11.21,5.93,73.9
1122,Business,17.08,7.75,77.6
1123,Business,24.81,6.21,65.9
1124,Business,10.72,6.84,90.6
1125,Business,7.76,5.24,61.5
1126,Psychology,6.50,5.92,82.4
1127,Business,18.27,5.52,68.1
1128,Psychology,8.66,7.20,55.5
1129,Business,34.71,5.47,42.5
1130,Psychology,8.46,6.16,52.7
1131,Business,25.81,6.55,80.2
1132,Business,6.18,6.61,89.3
1133,Business,12.58,4.94,70.5
1134,Business,10.51,7.49,94.4
1135,Business,14.40,7.71,78.5
1136,Business,38.17,7.90,70.2
1137,Psychology,12.98,8.05,82.6
1138,Psychology,7.03,6.05,77.4
1139,Business,3.92,6.61,72.1
1140,Psychology,7.61,7.23,74.2
1141,Business,5.40,4.85,74.2
1142,Business,1.29,7.61,74.6
1143,Psychology,6.62,8.19,84.9
1144,Business,17.58,6.85,69.9
1145,Business,9.38,8.36,86.2
1146,Business,21.02,5.24,90.8
1147,Business,2.89,7.55,79.9
1148,Psychology,0.16,9.69,95.2
1149,Psychology,22.32,6.81,59.8
1150,Psychology,26.08,7.55,66.7
1151,Business,10.41,8.39,78.0
1152,Psychology,6.55,9.22,100.0
1153,Business,27.02,5.67,80.1
1154,Business,3.50,6.49,70.5
1155,Business,2.56,7.50,82.0
1156,Business,40.00,7.92,42.3
1157,Business,5.42,8.85,82.5
1158,Business,17.93,6.33,81.6
1159,Psychology,1.36,7.76,78.7
1160,Business,11.36,7.19,94.5
1161,Psychology,35.73,4.82,42.6
1162,Business,20.58,7.05,75.0
1163,Business,33.94,5.09,71.8
1164,Business,2.28,6.38,54.8
1165,Psychology,11.35,6.54,64.5
1166,Business,1.99,8.57,85.8
1167,Psychology,4.64,8.06,74.4
1168,Business,14.14,5.99,71.4
1169,Business,40.00,6.69,62.8
1170,Psychology,5.03,7.02,79.4
1171,Business,0.81,7.57,70.9
1172,Psychology,8.01,7.48,84.7
1173,Psychology,18.37,4.27,72.7
1174,Psychology,40.00,5.94,62.8
1175,Business,16.57,6.74,84.0
1176,Business,22.95,7.08,66.6
1177,Business,10.15,6.43,83.2
1178,Business,27.53,6.70,70.4
1179,Business,3.14,6.73,81.2
1180,Psychology,1.90,6.60,99.9
1181,Psychology,24.81,6.55,58.0
1182,Psychology,4.98,4.57,72.6
1183,Psychology,19.13,6.69,92.7
1184,Psychology,5.57,6.29,78.4
1185,Psychology,7.49,7.77,100.0
1186,Psychology,3.98,7.47,81.5
1187,Business,19.42,6.02,68.9
1188,Psychology,1.56,8.02,78.2
1189,Psychology,3.50,8.20,69.7
1190,Business,1.48,8.92,95.6
1191,Psychology,22.59,5.35,73.0
1192,Psychology,21.89,4.03,72.2
1193,Psychology,11.60,6.75,55.5
1194,Business,4.32,5.39,71.9
1195,Psychology,19.77,7.75,86.7
1196,Business,8.35,5.88,87.6
1197,Psychology,0.29,6.51,85.3
1198,Psychology,7.09,7.44,78.5
1199,Psychology,22.93,7.61,68.4
1200,Business,4.89,7.82,97.9
1201,Business,7.93,7.24,76.5
1202,Business,8.26,7.79,62.8
1203,Psychology,4.23,6.85,79.3
1204,Psychology,3.96,7.04,98.7
1205,Psychology,8.64,6.62,69.0
1206,Psychology,0.69,5.23,85.1
1207,Psychology,19.94,5.47,67.6
1208,Psychology,11.29,7.23,86.6
1209,Psychology,2.99,7.34,90.4
1210,Business,1.72,8.11,85.8
1211,Psychology,22.58,6.85,68.9
1212,Psychology,14.54,5.96,60.9
1213,Psychology,9.82,8.04,75.3
1214,Business,11.55,5.78,57.9
1215,Business,8.17,9.34,94.0
1216,Psychology,2.11,6.90,62.6
1217,Business,11.04,7.86,71.7
1218,Business,4.43,6.97,70.9
1219,Business,7.07,8.61,97.8
1220,Psychology,4.54,8.61,88.8
1221,Business,3.73,8.17,69.3
1222,Psychology,1.06,7.95,83.6
1223,Psychology,16.37,8.35,72.2
1224,Psychology,2.08,7.78,68.7
1225,Business,11.14,9.66,98.5
1226,Business,32.00,8.03,63.5
1227,Psychology,1.26,8.08,89.0
1228,Business,0.78,7.00,67.4
1229,Psychology,0.79,7.84,77.3
1230,Business,1.45,6.36,90.3
1231,Business,2.12,8.92,86.3
1232,Psychology,8.70,7.20,93.2
1233,Business,1.51,7.10,73.5
1234,Business,6.93,8.73,80.4
1235,Business,2.51,7.00,96.8
1236,Business,5.26,7.44,75.8
1237,Psychology,4.69,6.76,96.7
1238,Psychology,5.28,7.70,87.1
1239,Business,3.96,7.39,70.5
1240,Psychology,23.18,8.37,78.2
1241,Psychology,5.59,8.62,92.1
1242,Psychology,11.30,7.99,84.4
1243,Business,3.79,6.31,75.1
1244,Psychology,40.00,7.13,64.9
1245,Business,5.43,7.03,66.7
1246,Psychology,0.72,4.97,92.3
1247,Psychology,37.73,3.58,67.3
1248,Business,7.79,6.77,77.9
1249,Psychology,5.12,6.66,78.7
1250,Psychology,0.34,5.97,85.6
1251,Psychology,6.78,6.63,74.9
1252,Psychology,2.36,7.74,67.8
1253,Psychology,8.32,6.00,91.4
1254,Psychology,16.33,5.60,72.2
1255,Psychology,17.68,7.12,50.2
1256,Business,8.04,6.50,69.2
1257,Psychology,2.67,6.37,73.9
1258,Business,11.24,9.46,92.0
1259,Psychology,1.54,5.77,71.7
1260,Business,19.15,6.54,57.6
1261,Business,14.34,8.94,84.5
1262,Psychology,2.92,5.83,72.7
1263,Business,22.02,8.58,54.8
1264,Business,19.15,7.96,82.2
1265,Psychology,1.95,8.45,74.8
1266,Psychology,6.29,7.56,93.3
1267,Business,15.46,6.16,70.3
1268,Psychology,1.28,6.41,90.6
1269,Psychology,3.77,6.67,79.2
1270,Business,20.00,6.61,68.8
1271,Business,1.25,5.99,78.3
1272,Business,1.22,5.71,80.1
1273,Psychology,11.06,6.22,86.0
1274,Psychology,2.85,8.23,69.0
1275,Psychology,1.60,8.94,64.3
1276,Business,14.57,5.86,82.0
1277,Psychology,6.99,7.04,77.9
1278,Psychology,15.13,5.63,75.5
1279,Business,3.44,6.95,84.5
1280,Business,5.95,7.79,76.7
1281,Psychology,29.86,8.29,76.0
1282,Business,17.27,7.80,62.0
1283,Business,16.95,6.98,82.8
1284,Psychology,0.25,6.22,72.8
1285,Business,18.47,5.69,81.9
1286,Business,0.15,6.82,69.6
1287,Business,16.25,7.82,69.7
1288,Business,9.48,7.20,61.9
1289,Psychology,3.30,10.92,75.5
1290,Psychology,0.81,8.16,94.8
1291,Psychology,6.56,7.93,51.6
1292,Business,4.98,8.94,76.0
1293,Psychology,5.92,5.94,45.9
1294,Business,17.37,6.13,84.8
1295,Business,12.60,8.26,71.3
1296,Psychology,9.53,6.29,71.0
1297,Business,32.79,6.78,48.1
1298,Psychology,2.73,7.33,47.5
1299,Business,13.21,4.91,70.0
1300,Psychology,2.54,7.22,87.6
1301,Business,15.11,6.47,45.2
1302,Psychology,15.04,4.11,63.7
1303,Business,1.94,5.17,75.2
1304,Psychology,0.73,7.40,95.1
1305,Psychology,11.47,7.07,80.8
1306,Business,5.39,7.40,71.5
1307,Business,0.02,5.91,92.6
1308,Psychology,5.32,8.49,76.4
1309,Business,34.32,6.59,59.6
1310,Business,8.16,6.66,73.3
1311,Business,10.85,8.13,88.8
1312,Psychology,19.54,7.32,50.9
1313,Business,5.48,9.04,73.1
1314,Psychology,40.00,7.69,86.2
1315,Business,9.21,7.24,80.2
1316,Business,8.58,8.05,82.0
1317,Business,16.29,5.71,68.2
1318,Business,0.57,6.98,68.5
1319,Business,1.63,7.91,56.4
1320,Psychology,40.00,6.87,50.3
1321,Psychology,1.15,7.67,76.3
1322,Business,9.85,7.11,82.9
1323,Psychology,19.15,6.90,67.1
1324,Business,6.60,8.57,83.1
1325,Business,11.96,7.88,83.8
1326,Psychology,30.45,7.41,79.2
1327,Business,15.40,6.78,67.9
1328,Business,16.13,5.35,55.1
1329,Business,4.42,6.88,67.2
1330,Psychology,26.86,6.36,72.5
1331,Psychology,8.67,5.72,83.7
1332,Business,2.00,8.32,67.5
1333,Psychology,6.20,7.75,77.1
1334,Business,6.92,7.40,100.0
1335,Business,11.82,6.77,65.9
1336,Psychology,40.00,6.51,57.6
1337,Business,14.21,8.46,68.7
1338,Psychology,24.49,7.17,77.2
1339,Psychology,4.73,6.64,89.4
1340,Psychology,11.70,4.89,61.3
1341,Business,6.01,5.67,83.7
1342,Psychology,2.36,6.29,72.0
1343,Psychology,6.41,6.09,74.0
1344,Business,17.82,6.93,48.1
1345,Psychology,13.70,6.66,78.8
1346,Psychology,9.16,7.30,79.8
1347,Psychology,3.37,8.19,78.1
1348,Business,9.11,6.26,62.4
1349,Psychology,0.57,6.98,75.1
1350,Psychology,2.05,7.87,72.3
1351,Business,0.40,7.95,68.5
1352,Psychology,5.11,6.19,74.0
1353,Business,11.01,7.21,67.8
1354,Psychology,8.87,6.22,76.9
1355,Psychology,36.19,4.98,72.1
1356,Psychology,30.15,5.35,59.5
1357,Business,0.13,7.33,78.2
1358,Psychology,3.44,8.08,86.9
1359,Psychology,0.16,6.37,80.7
1360,Business,9.11,6.02,84.6
1361,Psychology,4.45,5.55,52.8
1362,Psychology,2.73,8.03,86.6
1363,Business,1.67,5.69,62.1
1364,Psychology,0.04,7.15,59.8
1365,Business,29.19,6.56,89.3
1366,Psychology,20.36,7.40,83.2
1367,Business,2.43,7.96,68.6
1368,Psychology,40.00,7.98,62.2
1369,Psychology,29.41,6.21,70.0
1370,Psychology,7.32,5.27,98.1
1371,Psychology,2.17,7.27,80.9
1372,Psychology,8.61,6.72,80.1
1373,Psychology,0.00,9.19,67.6
1374,Psychology,7.56,8.15,79.4
1375,Psychology,11.14,5.79,87.1
1376,Business,9.44,7.69,69.8
1377,Psychology,4.25,6.05,66.1
1378,Business,17.57,6.72,61.8
1379,Psychology,11.63,4.63,69.6
1380,Business,24.67,6.91,73.8
1381,Psychology,11.40,3.67,81.2
1382,Psychology,28.89,7.07,67.7
1383,Psychology,15.15,6.93,70.7
1384,Psychology,2.34,7.09,88.1
1385,Psychology,6.89,6.54,89.3
1386,Business,5.59,8.49,74.8
1387,Psychology,37.36,6.87,35.6
1388,Psychology,4.24,5.17,52.2
1389,Business,30.59,8.53,69.4
1390,Business,4.02,7.41,79.3
1391,Business,8.34,7.61,77.8
1392,Psychology,10.02,6.75,72.1
1393,Psychology,19.80,6.58,73.0
1394,Psychology,0.41,6.75,76.2
1395,Business,15.65,6.21,67.6
1396,Psychology,11.36,7.13,59.7
1397,Psychology,3.28,8.39,70.9
1398,Business,0.83,7.66,69.0
1399,Business,0.26,7.15,98.1
1400,Business,7.68,8.14,72.8
1401,Business,2.10,8.43,82.2
1402,Psychology,13.10,8.15,80.1
1403,Psychology,1.35,7.19,76.4
1404,Business,29.35,5.81,89.3
1405,Business,5.57,6.78,80.8
1406,Business,16.09,7.81,91.4
1407,Psychology,1.79,8.29,72.0
1408,Business,19.73,5.97,66.6
1409,Business,11.80,7.90,74.8
1410,Business,13.63,6.65,63.5
1411,Psychology,4.00,8.24,78.8
1412,Business,16.11,7.85,70.6
1413,Psychology,26.68,5.35,57.1
1414,Psychology,10.58,6.24,74.8
1415,Psychology,4.56,5.01,69.1
1416,Business,26.99,5.87,47.0
1417,Business,32.12,4.22,58.3
1418,Psychology,7.77,7.18,56.0
1419,Psychology,16.42,7.36,86.2
1420,Business,9.45,5.42,66.7
1421,Psychology,5.02,5.99,91.9
1422,Business,4.14,7.70,90.6
1423,Business,1.39,6.09,74.2
1424,Psychology,7.25,7.20,79.8
1425,Psychology,13.85,7.12,80.5
1426,Psychology,29.41,7.25,59.2
1427,Business,19.31,6.85,75.5
1428,Psychology,0.79,6.86,78.8
1429,Psychology,22.39,6.75,81.1
1430,Psychology,8.13,8.87,83.2
1431,Psychology,4.04,6.92,81.4
1432,Psychology,1.46,7.00,69.6
1433,Business,9.96,7.21,80.6
1434,Business,8.42,7.14,70.9
1435,Psychology,4.10,7.01,90.4
1436,Business,29.07,7.15,67.4
1437,Psychology,24.86,6.03,70.5
1438,Psychology,2.10,7.45,82.8
1439,Business,1.38,7.51,85.9
1440,Business,8.96,6.71,93.6
1441,Psychology,12.04,6.97,61.3
1442,Psychology,3.05,8.54,92.5
1443,Business,9.66,7.29,56.0
1444,Psychology,6.71,7.47,85.6
1445,Business,13.32,6.33,52.0
1446,Psychology,23.21,5.17,80.5
1447,Psychology,30.53,6.61,55.2
1448,Business,19.97,8.18,53.8
1449,Psychology,26.63,6.91,89.9
1450,Business,1.08,4.81,52.9
1451,Business,40.00,5.85,57.1
1452,Business,5.20,7.18,83.7
1453,Business,8.24,8.61,78.5
1454,Business,18.24,7.11,79.1
1455,Psychology,15.51,7.61,86.6
1456,Psychology,11.04,7.93,83.5
1457,Psychology,33.47,3.61,56.2
1458,Business,5.21,7.14,61.2
1459,Psychology,40.00,5.27,55.8
1460,Business,6.13,8.86,100.0
1461,Business,31.66,4.91,58.7
1462,Business,21.39,5.95,53.2
1463,Business,7.04,7.05,82.2
1464,Business,40.00,5.44,59.5
1465,Psychology,3.99,6.90,80.4
1466,Business,4.06,6.10,80.5
1467,Business,0.16,6.52,78.5
1468,Business,0.27,5.02,67.8
1469,Psychology,12.19,7.94,58.8
1470,Psychology,15.71,6.04,63.3
1471,Business,3.02,8.38,91.2
1472,Psychology,18.74,6.77,82.4
1473,Business,40.00,3.09,32.0
1474,Business,13.96,6.71,76.4
1475,Business,7.54,8.20,87.0
1476,Business,36.77,3.94,49.9
1477,Psychology,24.11,7.10,64.0
1478,Psychology,1.18,6.21,84.5
1479,Psychology,4.30,6.43,88.7
1480,Business,0.85,6.49,77.7
1481,Business,1.96,7.31,100.0
1482,Business,26.79,6.32,77.7
1483,Psychology,4.05,6.75,78.1
1484,Business,4.11,8.54,72.9
1485,Business,15.06,8.56,82.2
1486,Business,16.72,8.77,77.9
1487,Business,10.36,6.70,73.7
1488,Psychology,40.00,6.00,59.1
1489,Business,0.46,7.23,66.1
1490,Business,30.67,7.18,53.1
1491,Psychology,9.09,6.60,57.9
1492,Business,10.06,7.70,85.8
1493,Psychology,5.66,7.85,80.3
1494,Psychology,40.00,5.50,63.5
1495,Business,24.87,6.64,50.0
1496,Business,5.27,7.55,74.5
1497,Business,0.46,5.80,71.1
1498,Business,13.68,7.80,77.7
1499,Business,22.53,4.84,64.5
1500,Business,17.17,7.85,82.2
1501,Business,12.22,8.75,93.3
1502,Business,10.25,7.43,69.6
1503,Business,11.51,6.84,65.2
1504,Psychology,9.07,6.21,69.2
1505,Business,8.00,6.88,80.6
1506,Business,5.50,9.24,80.9
1507,Psychology,12.71,7.87,73.1
1508,Psychology,35.15,5.14,67.0
1509,Business,40.00,7.10,88.6
1510,Business,10.00,6.60,84.9
1511,Psychology,6.16,7.15,82.9
1512,Business,7.83,7.82,74.2
1513,Business,12.62,7.20,68.1
1514,Business,3.99,9.85,77.0
1515,Psychology,13.28,6.75,72.5
1516,Psychology,31.34,5.18,41.0
1517,Business,3.24,5.23,81.3
1518,Business,6.51,7.40,79.4
1519,Psychology,12.14,5.53,91.4
1520,Psychology,14.05,7.38,70.9
1521,Business,33.88,6.66,57.1
1522,Psychology,11.72,4.56,82.6
1523,Psychology,0.48,8.08,78.1
1524,Psychology,4.03,8.36,86.9
1525,Psychology,6.70,6.94,75.1
1526,Business,25.35,6.78,60.7
1527,Psychology,4.62,7.40,77.6
1528,Psychology,13.40,7.19,71.7
1529,Psychology,1.75,8.21,72.3
1530,Business,9.84,8.55,67.6
1531,Business,9.01,8.02,76.8
1532,Psychology,16.00,6.58,78.9
1533,Psychology,8.92,8.30,58.8
1534,Business,6.75,6.36,66.1
1535,Business,20.44,7.87,59.1
1536,Psychology,14.65,6.97,82.0
1537,Psychology,24.12,4.74,75.5
1538,Psychology,10.74,7.27,52.9
1539,Psychology,15.99,6.93,66.1
1540,Business,40.00,4.98,60.1
1541,Psychology,10.82,7.49,58.3
1542,Psychology,33.03,6.16,59.0
1543,Psychology,3.32,8.06,52.3
1544,Business,1.48,7.62,81.2
1545,Business,2.74,6.30,78.5
1546,Psychology,26.17,6.52,55.1
1547,Psychology,22.09,6.63,80.3
1548,Psychology,27.28,8.51,86.8
1549,Psychology,3.25,6.97,57.9
1550,Business,2.14,5.28,56.3
1551,Psychology,12.35,6.28,67.5
1552,Psychology,13.30,4.59,75.7
1553,Business,22.31,7.51,56.3
1554,Business,4.74,6.58,79.1
1555,Business,19.69,7.87,81.0
1556,Psychology,7.43,8.40,77.5
1557,Business,28.66,7.18,57.0
1558,Psychology,3.83,7.56,82.8
1559,Psychology,0.24,7.30,62.5
1560,Psychology,9.76,7.50,78.7
1561,Business,40.00,6.14,65.2
1562,Psychology,25.95,5.79,65.0
1563,Business,0.60,5.33,73.7
1564,Business,25.55,5.69,54.6
1565,Business,12.72,7.33,99.7
1566,Psychology,20.07,5.37,72.4
1567,Business,0.47,8.39,71.1
1568,Business,29.37,6.88,47.4
1569,Business,6.59,7.80,93.3
1570,Business,0.54,7.40,63.4
1571,Business,18.17,5.62,79.7
1572,Psychology,4.59,6.88,72.7
1573,Psychology,8.81,6.44,69.1
1574,Psychology,13.06,7.67,75.0
1575,Psychology,17.69,5.03,76.3
1576,Psychology,11.85,6.43,71.6
1577,Business,40.00,5.89,60.0
1578,Business,1.02,6.25,75.9
1579,Business,7.40,7.84,68.8
1580,Business,4.10,6.39,85.0
1581,Business,3.85,6.25,63.0
1582,Business,22.68,6.07,65.5
1583,Business,14.66,9.10,80.9
1584,Psychology,2.06,7.99,85.3
1585,Psychology,40.00,5.13,74.9
1586,Psychology,9.14,4.75,64.2
1587,Business,0.61,6.66,78.5
1588,Business,7.44,7.43,71.6
1589,Business,0.67,6.98,67.9
1590,Psychology,14.93,5.63,57.3
1591,Business,23.23,6.38,81.1
1592,Business,40.00,5.44,70.1
1593,Psychology,33.07,5.40,63.6
1594,Psychology,2.62,7.23,90.3
1595,Business,3.02,5.28,69.2
1596,Business,2.52,8.80,62.2
1597,Psychology,6.62,6.14,73.6
1598,Business,8.86,6.33,73.1
1599,Business,11.06,8.21,95.7
1600,Business,16.32,5.47,67.1
1601,Business,14.68,7.10,57.5
1602,Business,24.42,7.88,65.5
1603,Psychology,11.59,6.11,63.8
1604,Business,2.67,8.40,90.5
1605,Business,1.56,6.01,73.4
1606,Business,40.00,5.74,50.5
1607,Business,8.04,6.40,62.6
1608,Psychology,40.00,6.46,65.1
1609,Psychology,1.28,5.95,88.5
1610,Business,30.85,6.24,49.1
1611,Psychology,40.00,7.08,56.5
1612,Business,0.56,8.56,76.4
1613,Psychology,4.04,6.37,58.4
1614,Business,7.54,8.54,62.8
1615,Psychology,8.60,9.24,77.8
1616,Business,3.95,7.79,99.3
1617,Business,5.34,6.18,53.3
1618,Business,3.35,4.74,78.7
1619,Business,0.19,6.39,81.7
1620,Business,27.11,6.69,49.8
1621,Psychology,0.36,7.04,71.2
1622,Psychology,12.44,6.37,88.6
1623,Business,3.65,6.30,87.2
1624,Business,0.04,8.12,86.7
1625,Business,6.58,6.71,63.1
1626,Psychology,5.83,6.67,74.5
1627,Business,2.23,8.33,85.5
1628,Business,15.85,5.89,69.7
1629,Psychology,7.96,8.78,69.4
1630,Psychology,10.74,7.04,89.2
1631,Psychology,15.45,7.82,53.6
1632,Psychology,10.86,6.31,62.9
1633,Business,13.29,7.69,74.6
1634,Business,1.12,6.95,60.2
1635,Business,17.83,6.59,95.3
1636,Psychology,6.37,8.61,71.6
1637,Business,27.46,6.43,56.1
1638,Business,4.30,6.55,57.3
1639,Psychology,19.93,6.23,66.6
1640,Psychology,2.77,7.18,75.6
1641,Psychology,9.05,7.90,73.4
1642,Psychology,24.01,7.44,63.8
1643,Business,7.85,7.19,72.3
1644,Business,2.03,5.37,60.0
1645,Psychology,30.97,6.79,82.8
1646,Business,18.92,8.27,60.8
1647,Psychology,12.97,7.28,63.1
1648,Business,18.57,6.99,76.2
1649,Business,40.00,4.83,62.2
1650,Business,19.87,6.44,76.8
1651,Psychology,3.99,6.89,63.3
1652,Psychology,5.07,7.29,71.0
1653,Business,40.00,7.37,55.2
1654,Business,4.27,6.62,59.4
1655,Psychology,2.55,6.75,78.8
1656,Psychology,11.78,6.63,56.6
1657,Business,4.59,6.10,72.4
1658,Business,7.45,5.81,67.9
1659,Psychology,10.36,6.00,49.9
1660,Business,12.45,6.88,59.8
1661,Psychology,16.24,6.51,58.3
1662,Business,13.05,6.59,55.9
1663,Psychology,32.75,5.74,61.7
1664,Business,1.12,7.07,80.8
1665,Business,22.95,8.02,78.4
1666,Psychology,4.35,5.87,66.8
1667,Business,18.69,7.66,73.5
1668,Business,11.70,6.45,74.8
1669,Business,40.00,6.55,83.6
1670,Psychology,1.37,6.61,100.0
1671,Psychology,4.79,7.05,77.2
1672,Psychology,3.24,5.99,80.9
1673,Psychology,15.55,6.29,56.3
1674,Psychology,6.33,7.29,80.1
1675,Business,0.40,6.75,91.3
1676,Business,31.67,6.33,58.9
1677,Psychology,16.50,8.78,71.3
1678,Business,4.77,7.17,71.8
1679,Psychology,11.91,6.24,72.2
1680,Psychology,7.53,8.03,86.3
1681,Business,5.46,6.98,68.6
1682,Business,6.76,7.99,70.3
1683,Business,35.07,5.30,57.6
1684,Psychology,16.91,6.62,82.3
1685,Psychology,1.63,6.63,75.0
1686,Business,11.49,5.27,71.0
1687,Psychology,33.94,5.87,57.3
1688,Business,1.65,7.88,66.4
1689,Psychology,21.49,7.70,58.4
1690,Business,4.73,6.94,60.3
1691,Business,15.76,6.80,82.5
1692,Psychology,17.56,6.45,76.2
1693,Psychology,4.33,7.01,76.7
1694,Psychology,11.17,6.31,83.4
1695,Psychology,8.41,5.59,83.9
1696,Business,10.66,7.37,80.5
1697,Psychology,2.41,8.57,75.4
1698,Business,40.00,5.04,50.4
1699,Psychology,24.51,6.45,53.1
1700,Psychology,25.21,7.67,69.3
1701,Business,19.52,9.05,72.1
1702,Psychology,1.12,5.32,74.4
1703,Business,1.26,8.17,85.1
1704,Psychology,3.76,7.46,81.4
1705,Business,21.51,5.28,73.9
1706,Psychology,15.95,6.84,62.0
1707,Business,0.98,7.15,83.0
1708,Psychology,3.75,5.51,77.7
1709,Business,9.70,6.84,69.2
1710,Psychology,37.08,6.20,70.6
1711,Business,3.32,7.59,86.5
1712,Psychology,3.19,8.98,87.7
1713,Psychology,24.97,7.25,69.4
1714,Psychology,0.21,9.09,90.5
1715,Business,40.00,7.16,63.9
1716,Psychology,38.06,7.64,69.6
1717,Business,5.72,5.81,67.7
1718,Psychology,2.19,5.59,57.0
1719,Business,8.87,6.45,76.4
1720,Psychology,37.20,5.18,44.2
1721,Business,22.65,7.96,79.0
1722,Psychology,11.86,5.45,70.3
1723,Psychology,18.27,5.61,80.0
1724,Business,33.61,6.06,61.1
1725,Business,4.09,7.43,71.5
1726,Business,0.75,6.81,78.1
1727,Business,8.52,8.76,73.8
1728,Psychology,16.09,6.98,50.3
1729,Psychology,3.69,7.24,71.0
1730,Business,1.45,7.56,77.5
1731,Business,3.24,5.71,67.3
1732,Business,11.52,5.07,68.3
1733,Business,16.87,6.85,68.2
1734,Psychology,40.00,5.99,59.0
1735,Psychology,13.44,6.31,76.7
1736,Psychology,40.00,5.45,61.6
1737,Psychology,19.94,5.51,58.4
1738,Psychology,40.00,6.52,57.8
1739,Psychology,6.98,6.82,76.0
1740,Business,24.67,5.33,69.4
1741,Psychology,3.30,6.48,80.4
1742,Psychology,9.36,5.93,70.2
1743,Psychology,40.00,7.00,69.5
1744,Psychology,5.80,5.90,88.3
1745,Business,35.87,5.70,52.0
1746,Psychology,4.30,8.43,81.7
1747,Psychology,11.68,5.84,75.5
1748,Psychology,21.32,6.01,64.9
1749,Psychology,7.59,6.39,69.5
1750,Psychology,2.44,5.67,70.2
1751,Business,8.36,4.99,53.5
1752,Psychology,2.97,8.37,81.9
1753,Business,23.18,6.77,49.1
1754,Psychology,6.35,6.79,60.8
1755,Business,3.97,6.84,74.5
1756,Business,9.52,5.54,55.0
1757,Psychology,4.38,8.55,77.1
1758,Business,33.39,6.99,77.4
1759,Psychology,7.30,5.57,78.3
1760,Psychology,4.22,9.06,59.8
1761,Psychology,7.83,7.90,94.2
1762,Business,24.69,5.96,71.5
1763,Psychology,40.00,6.49,55.8
1764,Business,10.49,6.11,63.7
1765,Psychology,30.24,6.80,72.1
1766,Psychology,2.71,7.64,82.1
1767,Psychology,4.49,8.57,82.1
1768,Business,3.91,8.22,85.8
1769,Psychology,3.91,6.62,88.0
1770,Business,0.02,7.42,70.7
1771,Business,3.46,6.68,71.8
1772,Psychology,6.95,5.80,74.0
1773,Psychology,11.31,6.12,74.2
1774,Business,13.58,6.91,70.5
1775,Business,3.71,7.63,73.5
1776,Psychology,18.32,6.56,78.7
1777,Psychology,5.88,7.42,89.7
1778,Business,7.38,7.63,91.1
1779,Business,5.27,8.31,72.5
1780,Business,0.43,8.05,70.7
1781,Psychology,22.07,5.26,50.9
1782,Psychology,11.92,5.57,71.4
1783,Psychology,14.45,7.85,54.2
1784,Business,5.58,5.69,75.0
1785,Psychology,2.03,5.86,53.1
1786,Business,3.83,6.07,71.9
1787,Psychology,7.23,7.25,95.3
1788,Business,4.27,6.36,66.1
1789,Psychology,1.41,8.21,72.8
1790,Psychology,37.09,6.36,57.9
1791,Business,11.49,8.05,88.2
1792,Psychology,40.00,5.78,58.5
1793,Psychology,2.51,7.20,96.8
1794,Psychology,4.12,8.76,80.5
1795,Business,9.53,6.35,70.1
1796,Business,14.45,7.31,64.1
1797,Business,8.31,8.77,87.8
1798,Business,9.99,8.76,66.1
1799,Psychology,13.40,7.44,74.0
1800,Psychology,40.00,3.54,48.5
1801,Psychology,14.38,8.75,69.0
1802,Business,17.78,8.08,56.6
1803,Psychology,17.03,6.76,65.8
1804,Business,0.63,6.79,80.2
1805,Psychology,0.91,7.79,83.5
1806,Psychology,4.87,7.75,92.7
1807,Psychology,0.98,7.55,80.4
1808,Psychology,0.54,6.74,61.3
1809,Psychology,27.69,4.99,59.4
1810,Business,3.56,8.00,74.5
1811,Psychology,8.67,8.41,67.6
1812,Psychology,21.15,7.74,73.6
1813,Business,16.21,7.84,57.9
1814,Business,2.90,4.79,61.1
1815,Psychology,40.00,6.49,89.4
1816,Psychology,5.16,5.97,57.5
1817,Psychology,4.26,7.15,79.2
1818,Psychology,20.08,6.14,58.9
1819,Business,4.50,5.43,73.4
1820,Business,7.81,9.47,100.0
1821,Business,2.99,7.39,76.4
1822,Psychology,28.41,5.99,44.4
1823,Business,7.44,7.99,92.7
1824,Business,1.66,7.98,82.7
1825,Psychology,8.76,6.96,93.2
1826,Psychology,12.13,7.57,59.8
1827,Psychology,3.60,6.68,87.3
1828,Business,2.97,8.68,84.8
1829,Psychology,40.00,6.72,57.2
1830,Business,5.75,7.67,61.8
1831,Psychology,14.67,6.64,72.0
1832,Psychology,18.97,6.27,50.6
1833,Business,20.35,8.13,69.2
1834,Business,19.12,4.69,47.5
1835,Business,6.09,6.15,67.8
1836,Psychology,6.98,7.08,60.5
1837,Business,2.44,5.93,96.2
1838,Business,12.82,8.78,78.5
1839,Business,15.09,6.95,76.6
1840,Psychology,3.40,7.31,79.7
1841,Psychology,13.50,5.79,66.8
1842,Business,22.92,7.96,63.0
1843,Business,14.90,6.22,63.7
1844,Psychology,12.51,7.01,76.5
1845,Business,40.00,5.67,55.5
1846,Business,23.05,5.27,56.2
1847,Business,10.27,6.80,60.6
1848,Business,25.75,5.88,55.9
1849,Psychology,5.07,4.23,68.2
1850,Business,4.69,8.22,75.6
1851,Psychology,0.80,8.04,94.2
1852,Business,0.37,7.77,89.3
1853,Psychology,3.31,6.57,84.0
1854,Business,12.83,5.95,56.6
1855,Business,17.57,6.45,84.3
1856,Psychology,2.48,7.68,78.4
1857,Business,2.21,7.75,92.6
1858,Business,18.87,7.50,66.9
1859,Business,40.00,7.31,60.5
1860,Business,0.22,5.98,67.5
1861,Business,10.82,7.31,76.4
1862,Business,0.01,6.91,80.5
1863,Psychology,0.80,7.16,56.8
1864,Psychology,16.25,6.37,75.6
1865,Business,14.17,5.78,48.2
1866,Psychology,3.02,6.71,51.6
1867,Psychology,4.42,6.33,80.8
1868,Psychology,23.16,6.07,75.3
1869,Psychology,1.70,8.50,99.0
1870,Business,2.54,7.40,72.6
1871,Psychology,21.56,5.41,87.6
1872,Psychology,2.20,6.68,91.4
1873,Psychology,7.46,7.53,61.8
1874,Business,6.62,4.05,75.1
1875,Business,12.45,3.81,72.7
1876,Business,35.48,7.09,46.2
1877,Business,5.88,7.77,71.0
1878,Business,7.50,7.51,55.1
1879,Business,6.77,8.50,70.3
1880,Psychology,0.83,5.71,75.2
1881,Psychology,12.26,7.00,89.3
1882,Psychology,14.13,4.57,68.1
1883,Psychology,6.66,5.49,78.5
1884,Business,5.62,6.51,66.6
1885,Business,8.32,6.24,77.1
1886,Psychology,8.13,7.54,100.0
1887,Psychology,12.92,6.92,70.9
1888,Psychology,9.69,7.99,91.3
1889,Business,18.82,5.71,74.7
1890,Psychology,5.89,5.68,85.0
1891,Business,11.50,5.47,64.2
1892,Business,8.61,9.78,72.4
1893,Business,11.22,6.96,58.2
1894,Business,5.01,7.36,83.6
1895,Psychology,8.63,4.33,59.3
1896,Psychology,18.58,6.23,76.5
1897,Business,6.37,5.73,72.3
1898,Psychology,26.29,6.40,61.8
1899,Business,6.29,7.50,84.8
1900,Psychology,9.11,5.94,55.9
1901,Psychology,2.69,8.34,89.0
1902,Psychology,13.18,4.99,92.3
1903,Business,4.81,7.04,61.3
1904,Business,1.50,6.88,81.8
1905,Business,2.43,5.25,75.6
1906,Psychology,2.73,9.90,74.8
1907,Psychology,5.97,9.26,84.7
1908,Business,0.81,7.44,68.3
1909,Business,24.73,7.06,56.0
1910,Psychology,22.68,6.23,61.5
1911,Psychology,17.66,7.13,65.3
1912,Business,8.11,6.66,74.8
1913,Psychology,0.10,7.99,86.6
1914,Psychology,37.59,5.12,51.5
1915,Psychology,3.27,5.99,72.7
1916,Psychology,2.51,7.02,65.8
1917,Psychology,5.06,8.58,83.4
1918,Psychology,7.10,7.25,73.0
1919,Business,4.32,6.07,78.9
1920,Psychology,2.23,6.77,76.1
1921,Business,6.53,6.57,82.6
1922,Psychology,9.63,5.97,82.9
1923,Business,2.12,6.86,99.1
1924,Business,40.00,5.48,41.9
1925,Business,21.99,7.53,68.2
1926,Business,3.94,7.17,81.9
1927,Business,2.09,8.13,86.5
1928,Psychology,24.16,7.73,77.7
1929,Business,6.92,7.47,63.6
1930,Psychology,5.39,8.64,78.4
1931,Psychology,5.29,6.44,57.9
1932,Business,3.86,6.89,83.7
1933,Psychology,20.22,6.33,73.1
1934,Psychology,21.54,5.99,55.8
1935,Psychology,6.30,6.46,56.8
1936,Business,1.49,6.76,78.7
1937,Business,12.45,7.14,72.3
1938,Business,0.14,7.84,82.1
1939,Psychology,27.85,5.90,40.6
1940,Business,2.15,8.14,78.4
1941,Business,1.62,8.47,90.0
1942,Business,0.74,6.02,62.6
1943,Business,6.49,6.94,87.0
1944,Business,2.13,5.65,76.9
1945,Psychology,4.15,8.14,73.0
1946,Business,23.35,5.81,53.5
1947,Business,12.84,7.08,75.9
1948,Psychology,4.04,8.53,100.0
1949,Business,14.87,7.48,78.3
1950,Psychology,4.46,7.37,79.7
1951,Psychology,4.95,6.12,65.8
1952,Psychology,9.76,6.22,74.5
1953,Business,11.91,7.01,100.0
1954,Business,26.19,6.74,73.6
1955,Psychology,34.39,5.02,70.9
1956,Business,0.41,7.85,70.6
1957,Business,2.46,7.48,91.9
1958,Business,0.67,7.98,77.5
1959,Business,0.05,5.29,89.4
1960,Psychology,34.80,8.06,61.2
1961,Business,7.76,9.15,69.8
1962,Psychology,11.80,8.97,52.8
1963,Business,11.07,5.80,70.7
1964,Business,6.86,6.67,65.7
1965,Business,15.97,7.35,72.7
1966,Business,9.32,7.57,87.8
1967,Business,19.91,7.05,52.7
1968,Psychology,5.88,8.42,69.7
1969,Business,1.52,6.13,88.4
1970,Business,10.31,6.52,77.1
1971,Psychology,1.02,6.24,78.3
1972,Psychology,26.87,6.53,57.6
1973,Business,1.47,7.43,65.2
1974,Business,8.25,7.42,79.6
1975,Psychology,19.03,6.59,81.0
1976,Business,38.27,6.51,58.1
1977,Business,40.00,6.04,67.9
1978,Business,29.91,6.37,45.5
1979,Business,1.12,5.94,79.7
1980,Psychology,14.58,6.71,54.1
1981,Business,1.23,6.35,71.6
1982,Psychology,10.26,7.20,81.6
1983,Business,1.54,7.17,79.6
1984,Psychology,8.81,7.93,77.4
1985,Psychology,0.05,5.74,76.9
1986,Psychology,28.89,7.03,62.6
1987,Business,11.66,6.69,69.8
1988,Business,6.50,7.16,76.6
1989,Psychology,9.15,4.61,69.9
1990,Psychology,1.93,6.98,95.9
1991,Psychology,0.15,7.16,72.2
1992,Business,6.85,7.78,80.0
1993,Psychology,0.69,6.41,93.7
1994,Psychology,12.37,6.75,72.3
1995,Psychology,2.59,8.30,81.2
1996,Business,3.59,7.69,68.6
1997,Psychology,40.00,5.88,45.9
1998,Psychology,36.84,6.06,43.2
1999,Psychology,18.41,6.48,76.6
2000,Psychology,21.42,4.88,73.9
2001,Psychology,9.15,4.82,81.4
2002,Business,40.00,5.46,53.3
2003,Psychology,3.82,8.04,78.3
2004,Business,10.67,7.27,50.8
2005,Psychology,9.21,7.85,80.1
2006,Business,19.17,5.54,66.4
2007,Business,40.00,5.95,59.1
2008,Psychology,2.63,5.36,54.9
2009,Business,36.26,5.77,76.0
2010,Business,7.07,7.51,81.5
2011,Psychology,40.00,7.52,67.3
2012,Psychology,10.08,7.14,78.0
2013,Business,6.84,6.96,51.7
2014,Business,11.46,7.61,53.1
2015,Psychology,8.96,6.31,66.5
2016,Psychology,16.58,7.31,63.8
2017,Psychology,1.23,6.07,75.5
2018,Psychology,6.47,7.02,74.6
2019,Business,21.10,8.22,84.8
2020,Psychology,8.43,6.10,76.8
2021,Business,19.14,6.47,70.3
2022,Psychology,10.79,6.79,65.6
2023,Psychology,17.92,7.71,79.6
2024,Psychology,14.32,7.31,61.8
2025,Psychology,40.00,5.86,63.9
2026,Business,11.43,8.32,97.7
2027,Business,2.11,9.04,89.8
2028,Business,10.48,7.48,73.4
2029,Psychology,7.09,6.39,74.1
2030,Business,5.41,6.60,70.9
2031,Business,4.40,6.25,61.1
2032,Business,22.38,7.30,66.5
2033,Business,0.10,7.41,78.9
2034,Business,7.85,8.04,87.1
2035,Psychology,18.05,6.73,69.2
2036,Business,15.11,5.92,52.0
2037,Business,22.34,6.64,64.2
2038,Business,7.09,5.71,81.0
2039,Psychology,9.91,7.96,60.0
2040,Psychology,2.65,7.87,73.4
2041,Business,11.08,6.40,78.8
2042,Psychology,40.00,6.64,48.0
2043,Business,0.23,4.66,53.5
2044,Business,30.78,8.16,73.5
2045,Psychology,5.08,8.13,84.9
2046,Business,25.11,6.12,63.2
2047,Business,13.75,6.96,88.5
2048,Psychology,12.60,5.96,79.1
2049,Psychology,18.43,6.15,52.3
2050,Psychology,3.58,7.15,84.7
2051,Psychology,11.66,5.35,77.4
2052,Business,0.40,8.30,76.8
2053,Business,12.89,6.48,73.8
2054,Psychology,0.91,7.94,75.3
2055,Psychology,40.00,4.94,64.6
2056,Business,6.01,6.31,78.4
2057,Psychology,4.84,6.75,77.2
2058,Business,19.08,5.14,65.8
2059,Business,17.36,6.20,77.6
2060,Psychology,9.95,6.97,75.1
2061,Psychology,3.90,7.15,77.8
2062,Business,0.56,6.23,84.3
2063,Psychology,23.61,7.90,64.0
2064,Psychology,0.22,8.82,67.7
2065,Psychology,1.82,7.38,82.1
2066,Psychology,0.38,7.26,90.6
2067,Psychology,0.05,6.77,87.5
2068,Psychology,3.61,6.89,79.5
2069,Business,22.57,5.50,60.8
2070,Business,13.51,5.64,71.8
2071,Psychology,11.80,5.47,73.5
2072,Business,15.12,7.66,76.4
2073,Business,3.13,4.38,82.1
2074,Psychology,0.54,6.47,90.1
2075,Psychology,7.81,6.02,66.4
2076,Psychology,40.00,3.66,39.7
2077,Psychology,24.06,5.63,93.7
2078,Business,5.74,10.33,61.4
2079,Psychology,0.93,6.50,80.4
2080,Psychology,5.29,7.60,81.6
2081,Psychology,7.93,8.59,80.0
2082,Psychology,2.74,8.54,74.4
2083,Business,1.09,7.04,75.8
2084,Psychology,12.19,6.37,75.8
2085,Business,1.91,5.37,45.7
2086,Psychology,13.52,7.10,68.6
2087,Business,3.84,7.04,93.7
2088,Business,16.33,6.28,69.5
2089,Business,7.72,5.76,68.5
2090,Psychology,17.87,5.28,68.5
2091,Psychology,3.21,6.62,72.5
2092,Business,19.70,6.71,65.8
2093,Psychology,11.92,7.27,77.7
2094,Business,27.69,5.52,53.7
2095,Business,2.42,7.54,93.6
2096,Business,18.67,5.48,66.5
2097,Psychology,14.80,7.92,81.8
2098,Business,8.67,8.27,75.5
2099,Psychology,6.07,8.54,89.2
2100,Psychology,22.18,6.56,60.6
2101,Business,9.68,7.22,73.3
2102,Business,22.40,7.28,76.1
2103,Psychology,5.39,6.80,79.3
2104,Psychology,7.38,8.14,69.0
2105,Business,40.00,7.00,65.8
2106,Business,12.04,7.13,73.8
2107,Business,12.58,7.90,82.1
2108,Psychology,14.75,3.90,62.8
2109,Business,0.41,8.10,77.6
2110,Business,5.30,8.50,61.6
2111,Business,33.11,6.43,79.5
2112,Business,16.87,7.60,73.2
2113,Psychology,21.91,7.85,79.1
2114,Business,5.14,7.18,68.4
2115,Psychology,5.72,8.30,74.9
2116,Psychology,11.71,6.44,77.5
2117,Business,16.78,7.00,82.5
2118,Business,8.15,6.77,49.1
2119,Business,3.51,8.73,83.3
2120,Psychology,40.00,6.23,71.0
2121,Psychology,23.79,6.61,74.3
2122,Business,3.89,8.06,79.5
2123,Business,10.11,8.19,98.7
2124,Business,4.69,6.57,67.5
2125,Psychology,28.90,5.25,88.1
2126,Psychology,10.00,7.52,77.4
2127,Business,6.17,6.41,48.2
2128,Business,0.67,6.81,78.8
2129,Business,13.55,8.05,67.7
2130,Psychology,12.16,6.84,77.4
2131,Psychology,18.68,7.10,54.9
2132,Business,0.74,10.57,100.0
2133,Business,7.72,7.19,82.9
2134,Business,26.27,5.90,62.5
2135,Psychology,16.05,6.60,71.5
2136,Psychology,2.56,7.09,78.1
2137,Business,1.17,5.59,77.3
2138,Psychology,11.78,7.22,79.6
2139,Psychology,1.41,7.79,91.6
2140,Business,2.19,7.13,51.3
2141,Psychology,8.54,7.14,72.0
2142,Business,3.41,7.43,57.3
2143,Business,8.86,5.52,74.6
2144,Psychology,26.73,5.71,77.6
2145,Business,7.31,7.16,96.3
2146,Psychology,28.19,4.91,83.5
2147,Business,7.89,6.21,84.3
2148,Psychology,15.04,8.19,67.5
2149,Psychology,1.38,7.56,89.0
2150,Psychology,1.53,6.82,80.3
2151,Business,24.79,7.15,65.8
2152,Psychology,34.34,5.63,74.6
2153,Business,4.34,8.75,68.6
2154,Business,30.76,7.21,64.4
2155,Psychology,24.57,5.74,89.2
2156,Psychology,0.25,6.91,73.8
2157,Business,0.09,7.11,70.9
2158,Psychology,11.95,6.69,72.3
2159,Psychology,8.85,7.68,87.0
2160,Psychology,14.69,7.27,75.7
2161,Business,2.22,7.43,87.1
2162,Business,13.84,6.03,56.4
2163,Psychology,6.36,6.85,71.4
2164,Psychology,4.80,8.00,94.0
2165,Business,6.37,7.89,85.9
2166,Business,2.32,7.11,86.4
2167,Psychology,3.07,6.31,64.9
2168,Business,3.25,7.85,74.8
2169,Business,3.28,7.01,78.5
2170,Psychology,2.37,8.75,77.8
2171,Business,0.25,6.66,67.6
2172,Business,12.79,7.14,100.0
2173,Psychology,9.16,7.07,60.1
2174,Business,7.23,6.73,78.1
2175,Business,34.67,6.94,66.9
2176,Business,9.91,5.83,79.7
2177,Psychology,1.42,8.39,84.3
2178,Business,4.99,5.81,83.4
2179,Business,12.99,8.06,69.0
2180,Business,11.43,9.23,51.3
2181,Psychology,9.51,7.15,83.0
2182,Psychology,2.00,8.30,73.5
2183,Psychology,6.33,8.30,71.6
2184,Business,12.04,7.30,78.7
2185,Business,0.03,7.33,54.6
2186,Business,3.33,7.93,70.2
2187,Business,2.24,8.45,83.2
2188,Business,3.14,6.23,80.7
2189,Psychology,14.53,8.15,73.3
2190,Business,0.21,6.00,81.4
2191,Psychology,11.35,6.54,71.9
2192,Business,6.76,6.21,69.3
2193,Psychology,40.00,4.74,53.1
2194,Psychology,8.49,8.50,64.1
2195,Business,3.33,6.13,73.2
2196,Psychology,11.28,7.01,83.7
2197,Psychology,3.59,5.11,61.4
2198,Psychology,14.78,6.95,57.4
2199,Psychology,14.69,7.93,61.0
2200,Business,14.65,7.41,86.1
2201,Business,0.74,7.16,60.1
2202,Psychology,3.02,7.70,89.0
2203,Psychology,16.24,6.66,90.5
2204,Business,0.28,7.36,75.3
2205,Business,32.89,7.21,65.7
2206,Business,5.29,8.44,69.6
2207,Psychology,12.84,7.01,58.4
2208,Business,18.16,8.64,42.3
2209,Psychology,16.99,4.70,57.8
2210,Psychology,4.24,8.56,62.7
2211,Psychology,10.92,7.66,68.1
2212,Business,3.67,5.80,74.5
2213,Psychology,12.32,6.48,90.3
2214,Psychology,40.00,5.49,50.4
2215,Psychology,1.62,8.11,87.7
2216,Business,29.41,6.58,68.0
2217,Business,31.57,6.44,72.6
2218,Business,15.39,6.61,88.4
2219,Business,10.97,7.18,86.9
2220,Psychology,0.70,7.07,71.1
2221,Psychology,35.86,6.89,71.5
2222,Psychology,2.44,7.61,62.9
2223,Business,12.61,5.20,84.9
2224,Business,9.29,5.48,58.1
2225,Business,10.29,7.05,64.0
2226,Business,22.69,6.84,63.2
2227,Business,37.20,7.82,83.6
2228,Psychology,0.36,6.24,85.3
2229,Psychology,16.71,5.85,72.2
2230,Psychology,2.39,8.35,77.6
2231,Business,1.71,8.11,89.9
2232,Business,29.83,6.14,64.3
2233,Business,25.45,5.26,67.9
2234,Business,5.25,6.64,76.6
2235,Psychology,2.27,6.20,67.3
2236,Business,32.41,7.28,62.0
2237,Psychology,2.93,7.43,98.8
2238,Business,14.33,5.97,59.6
2239,Psychology,4.89,4.64,62.5
2240,Business,11.24,7.50,50.3
2241,Business,2.39,7.50,83.8
2242,Business,31.09,5.78,64.1
2243,Business,27.38,5.75,79.8
2244,Business,19.07,6.26,57.9
2245,Business,28.83,6.77,63.5
2246,Psychology,3.64,7.25,65.5
2247,Psychology,2.01,7.46,67.8
2248,Business,20.29,7.33,50.5
2249,Business,4.11,6.18,98.4
2250,Business,3.33,8.61,82.7
2251,Psychology,0.63,6.92,89.8
2252,Psychology,11.58,6.49,72.4
2253,Psychology,20.16,6.42,73.8
2254,Psychology,40.00,5.93,77.1
2255,Business,10.26,6.85,77.2
2256,Business,4.03,6.66,77.4
2257,Business,19.70,6.77,74.2
2258,Business,40.00,5.76,72.2
2259,Business,24.67,6.68,98.6
2260,Psychology,32.26,7.65,59.3
2261,Psychology,10.97,6.53,67.7
2262,Business,5.03,7.95,75.3
2263,Psychology,2.01,5.14,72.7
2264,Business,7.29,5.36,55.3
2265,Business,0.97,8.97,73.9
2266,Business,12.89,7.66,77.7
2267,Psychology,2.73,9.11,87.5
2268,Business,14.29,4.82,70.2
2269,Psychology,0.29,5.84,58.2
2270,Business,17.45,5.06,85.6
2271,Business,21.79,6.96,70.7
2272,Business,17.97,7.66,88.8
2273,Business,40.00,4.64,57.5
2274,Business,0.81,8.86,83.8
2275,Psychology,19.18,7.21,72.5
2276,Business,16.65,7.22,76.0
2277,Business,24.68,5.65,71.3
2278,Business,3.53,6.17,80.2
2279,Psychology,17.21,6.48,34.3
2280,Psychology,36.25,7.49,42.3
2281,Psychology,9.71,8.35,69.8
2282,Business,17.38,6.02,52.1
2283,Psychology,34.74,5.22,48.2
2284,Psychology,6.54,8.12,80.6
2285,Psychology,5.13,6.77,78.5
2286,Psychology,11.83,6.61,71.6
2287,Psychology,1.21,5.66,52.6
2288,Psychology,5.18,8.94,97.3
2289,Psychology,2.00,7.21,86.6
2290,Psychology,1.26,5.66,63.2
2291,Psychology,9.04,7.17,91.7
2292,Psychology,14.70,6.25,80.2
2293,Business,1.35,7.50,80.8
2294,Business,13.40,4.82,39.7
2295,Psychology,3.36,9.53,79.4
2296,Business,8.87,7.40,71.5
2297,Business,12.55,6.37,57.6
2298,Business,17.77,6.78,100.0
2299,Psychology,40.00,6.56,70.7
2300,Business,23.52,4.69,51.9
2301,Psychology,22.64,6.70,80.9
2302,Psychology,2.49,8.62,70.1
2303,Business,14.59,6.28,78.1
2304,Psychology,2.39,6.14,81.9
2305,Business,35.47,4.49,57.8
2306,Psychology,5.90,7.88,78.5
2307,Psychology,26.12,5.95,72.7
2308,Psychology,5.17,7.53,64.0
2309,Psychology,1.76,6.01,85.9
2310,Business,22.37,7.14,93.6
2311,Psychology,11.13,6.64,66.4
2312,Business,23.69,5.22,85.3
2313,Psychology,39.43,6.30,45.3
2314,Psychology,6.14,8.91,76.8
2315,Psychology,9.70,7.76,69.5
2316,Business,0.65,6.86,75.3
2317,Psychology,36.93,6.92,63.7
2318,Business,39.38,6.48,46.4
2319,Psychology,10.75,5.95,71.4
2320,Psychology,3.68,6.17,46.5
2321,Business,1.57,6.65,83.2
2322,Psychology,2.33,7.75,69.2
2323,Psychology,20.70,7.96,55.6
2324,Psychology,2.68,6.92,67.1
2325,Business,2.27,6.73,69.1
2326,Business,7.96,8.07,77.2
2327,Business,2.16,7.52,83.8
2328,Psychology,1.65,7.90,84.9
2329,Business,13.34,7.90,76.6
2330,Psychology,3.05,5.60,76.2
2331,Business,17.10,6.87,53.8
2332,Psychology,2.05,6.55,86.1
2333,Psychology,0.47,7.85,79.1
2334,Business,30.20,5.79,58.1
2335,Psychology,5.70,6.07,76.0
2336,Psychology,15.71,6.52,75.6
2337,Psychology,15.17,5.12,53.0
2338,Business,12.37,6.90,76.8
2339,Psychology,27.59,7.12,61.6
2340,Psychology,35.64,6.07,57.8
2341,Business,12.85,6.73,67.1
2342,Psychology,10.75,6.77,80.7
2343,Psychology,14.31,5.13,63.3
2344,Psychology,17.12,7.49,91.9
2345,Business,16.62,7.60,74.7
2346,Psychology,4.10,6.75,84.5
2347,Business,13.64,7.35,80.9
2348,Psychology,22.03,8.33,89.9
2349,Business,25.51,6.01,66.6
2350,Business,25.58,6.22,77.7
2351,Business,0.74,7.23,83.8
2352,Business,1.20,7.89,78.3
2353,Business,29.90,7.08,65.1
2354,Psychology,0.75,7.13,59.4
2355,Psychology,2.03,8.09,64.1
2356,Psychology,17.61,3.62,75.3
2357,Business,7.47,7.94,79.7
2358,Business,1.58,6.03,96.2
2359,Psychology,17.83,6.64,81.5
2360,Psychology,0.89,7.08,80.1
2361,Business,35.77,6.10,66.1
2362,Psychology,27.78,7.79,74.2
2363,Business,2.91,6.73,72.5
2364,Psychology,3.01,6.65,77.5
2365,Psychology,17.24,7.35,63.4
2366,Business,10.67,5.51,69.8
2367,Business,16.01,7.48,67.2
2368,Psychology,17.93,5.01,63.1
2369,Business,4.71,6.04,72.0
2370,Psychology,6.39,8.70,96.1
2371,Psychology,2.81,7.73,80.1
2372,Psychology,2.88,6.57,71.7
2373,Business,4.67,4.43,100.0
2374,Psychology,9.39,7.49,95.0
2375,Business,10.33,6.23,81.1
2376,Business,21.65,5.53,49.1
2377,Psychology,33.94,5.55,84.9
2378,Psychology,8.91,8.43,68.8
2379,Business,2.66,7.19,80.5
2380,Psychology,12.25,4.87,64.3
2381,Psychology,22.15,6.33,36.0
2382,Business,3.28,6.90,89.0
2383,Psychology,8.70,8.64,100.0
2384,Business,8.91,7.53,59.1
2385,Business,3.03,7.42,61.4
2386,Psychology,7.21,6.81,69.2
2387,Business,1.10,4.26,47.0
2388,Business,7.20,7.34,88.3
2389,Business,3.35,5.82,73.1
2390,Psychology,17.66,5.91,61.6
2391,Psychology,15.87,8.23,88.5
2392,Psychology,4.37,7.69,71.8
2393,Psychology,5.65,3.81,79.8
2394,Business,22.08,5.89,62.0
2395,Psychology,8.35,5.69,79.9
2396,Business,4.04,7.19,92.7
2397,Psychology,0.66,4.58,65.3
2398,Psychology,28.33,5.31,73.6
2399,Business,20.92,5.86,56.8
2400,Psychology,4.10,6.44,71.7
2401,Business,0.39,4.33,70.1
2402,Psychology,1.68,8.11,86.1
2403,Business,6.94,7.24,96.1
2404,Psychology,5.84,9.41,96.9
2405,Business,15.19,7.34,62.1
2406,Business,4.27,8.07,79.8
2407,Psychology,0.61,7.35,93.0
2408,Business,13.78,5.44,63.9
2409,Business,5.94,8.14,80.8
2410,Psychology,1.98,6.07,98.9
2411,Business,10.75,5.75,69.6
2412,Business,4.76,7.10,92.4
2413,Psychology,7.90,7.18,61.3
2414,Business,3.57,6.93,57.8
2415,Psychology,3.79,6.94,75.9
2416,Business,16.85,6.70,70.2
2417,Business,12.23,6.98,55.6
2418,Psychology,13.82,8.24,50.8
2419,Psychology,4.71,9.42,81.6
2420,Business,1.30,7.09,72.1
2421,Psychology,7.62,8.17,82.6
2422,Business,0.82,7.42,99.0
2423,Psychology,10.61,6.16,66.5
2424,Psychology,2.34,7.42,74.4
2425,Psychology,0.64,6.10,58.9
2426,Business,16.81,8.07,91.5
2427,Business,4.81,8.93,89.0
2428,Business,14.65,7.58,77.0
2429,Business,17.52,4.18,65.1
2430,Psychology,18.97,10.06,96.3
2431,Business,4.80,6.18,79.5
2432,Psychology,9.94,7.85,65.7
2433,Business,7.53,6.66,67.8
2434,Psychology,40.00,4.67,70.9
2435,Business,5.17,5.13,71.9
2436,Psychology,32.82,7.27,59.7
2437,Psychology,19.16,6.34,73.5
2438,Business,27.67,6.26,69.0
2439,Business,39.79,8.90,55.5
2440,Psychology,40.00,5.25,54.7
2441,Psychology,6.32,5.39,74.7
2442,Psychology,7.25,7.62,66.8
2443,Business,2.04,6.85,98.9
2444,Psychology,15.70,5.08,76.4
2445,Psychology,24.94,6.83,62.0
2446,Psychology,7.16,7.22,67.9
2447,Business,6.71,9.56,84.4
2448,Psychology,1.26,6.42,67.8
2449,Psychology,0.53,8.39,65.6
2450,Psychology,2.59,7.77,81.5
2451,Psychology,13.59,6.08,60.2
2452,Psychology,2.50,5.88,76.6
2453,Psychology,4.18,6.51,80.0
2454,Psychology,0.39,7.86,90.1
2455,Business,6.00,7.26,79.7
2456,Business,4.81,5.18,88.7
2457,Business,3.16,5.09,75.1
2458,Business,13.17,7.49,83.0
2459,Business,40.00,6.66,49.1
2460,Business,27.14,6.51,66.0
2461,Psychology,8.32,8.70,91.4
2462,Business,12.63,7.57,87.9
2463,Business,1.92,7.76,88.1
2464,Business,32.89,6.54,61.0
2465,Business,13.78,7.51,84.2
2466,Business,30.39,7.26,84.8
2467,Business,18.98,5.96,49.0
2468,Business,0.80,6.43,52.2
2469,Psychology,7.82,8.47,83.0
2470,Business,5.04,6.46,85.2
2471,Business,40.00,6.23,55.2
2472,Business,20.30,4.22,50.7
2473,Business,12.39,7.03,57.7
2474,Psychology,7.11,6.76,75.4
2475,Business,4.35,7.68,85.6
2476,Psychology,0.97,8.50,82.0
2477,Business,11.98,6.59,97.4
2478,Psychology,2.38,6.03,79.4
2479,Psychology,19.51,6.62,42.9
2480,Psychology,5.57,8.49,91.1
2481,Psychology,2.19,5.08,90.4
2482,Business,2.34,8.27,81.2
2483,Psychology,1.71,8.97,61.8
2484,Business,1.90,6.90,86.8
2485,Business,30.33,7.38,60.6
2486,Business,15.48,6.63,87.3
2487,Psychology,3.96,7.61,76.7
2488,Business,20.02,6.10,74.9
2489,Psychology,7.73,6.15,70.5
2490,Psychology,12.92,7.03,60.8
2491,Business,21.75,7.55,85.3
2492,Psychology,8.26,7.76,95.8
2493,Business,8.64,6.52,74.4
2494,Psychology,9.79,5.89,83.7
2495,Psychology,32.06,4.69,50.3
2496,Business,7.85,7.41,57.6
2497,Psychology,0.76,9.71,98.3
2498,Psychology,7.88,8.00,81.6
2499,Psychology,16.13,6.75,67.8
2500,Psychology,11.45,5.92,62.4
2501,Psychology,10.50,6.07,66.2
2502,Psychology,6.70,8.14,81.0
2503,Business,29.31,7.01,70.2
2504,Psychology,8.57,7.35,52.8
2505,Psychology,22.00,5.82,61.0
2506,Business,30.95,4.56,48.2
2507,Business,2.40,6.42,84.2
2508,Business,1.90,7.56,99.7
2509,Psychology,0.14,8.76,90.9
2510,Business,2.12,7.36,78.9
2511,Business,40.00,5.71,64.0
2512,Business,3.62,8.11,78.8
2513,Business,22.85,6.87,75.1
2514,Psychology,25.79,7.26,74.7
2515,Business,2.06,8.03,70.7
2516,Business,9.94,7.17,76.0
2517,Psychology,14.70,7.67,59.0
2518,Business,13.34,5.36,83.2
2519,Business,4.36,8.20,72.3
2520,Business,11.12,7.37,79.2
2521,Psychology,11.50,6.38,79.7
2522,Psychology,3.20,7.16,81.0
2523,Business,9.57,5.74,69.9
2524,Psychology,7.39,8.21,70.6
2525,Business,18.22,8.10,71.8
2526,Psychology,1.59,7.64,100.0
2527,Business,13.92,6.77,86.0
2528,Psychology,6.24,4.97,67.7
2529,Business,0.94,5.96,60.7
2530,Psychology,7.22,7.65,71.4
2531,Psychology,1.79,7.92,90.9
2532,Business,14.63,8.39,76.8
2533,Psychology,4.96,7.96,75.9
2534,Business,2.43,7.77,65.5
2535,Psychology,28.59,6.29,69.4
2536,Business,1.43,7.02,100.0
2537,Psychology,5.53,8.26,67.6
2538,Business,40.00,6.79,62.2
2539,Psychology,26.80,8.41,55.4
2540,Business,10.32,6.67,68.8
2541,Business,12.45,7.10,68.9
2542,Psychology,1.75,6.28,71.0
2543,Business,8.92,6.39,71.6
2544,Business,7.81,8.87,69.9
2545,Business,1.41,7.31,88.6
2546,Psychology,11.58,6.50,88.2
2547,Business,7.98,6.37,81.5
2548,Psychology,6.54,6.51,72.8
2549,Business,4.68,6.48,79.0
2550,Psychology,34.49,6.48,80.0
2551,Business,3.67,8.49,81.2
2552,Business,38.13,5.45,79.4
2553,Business,7.18,6.40,75.5
2554,Psychology,5.96,7.97,60.6
2555,Business,4.45,7.27,89.5
2556,Business,4.42,4.41,96.0
2557,Psychology,8.99,6.96,85.9
2558,Business,9.11,7.91,100.0
2559,Psychology,12.56,4.64,68.5
2560,Psychology,2.50,8.04,72.6
2561,Psychology,9.98,7.55,94.2
2562,Business,32.45,7.02,61.8
2563,Psychology,4.68,5.97,89.7
2564,Psychology,7.68,6.28,85.0
2565,Psychology,10.46,5.92,73.0
2566,Psychology,11.28,6.95,68.2
2567,Psychology,6.86,6.40,87.8
2568,Psychology,22.52,7.01,64.5
2569,Psychology,4.01,7.07,92.3
2570,Business,10.28,7.55,87.3
2571,Business,22.34,5.45,59.8
2572,Psychology,1.37,8.02,88.5
2573,Psychology,28.52,6.60,62.8
2574,Psychology,12.73,7.42,57.5
2575,Business,3.47,7.13,74.3
2576,Business,24.23,6.07,60.4
2577,Psychology,30.10,5.44,67.0
2578,Psychology,2.11,7.65,81.4
2579,Psychology,6.94,6.25,75.7
2580,Business,3.45,10.16,65.0
2581,Business,37.54,5.60,73.9
2582,Business,17.07,7.77,92.4
2583,Psychology,24.06,6.43,84.8
2584,Psychology,1.82,5.91,86.8
2585,Business,2.69,9.30,88.8
2586,Business,2.37,8.39,77.4
2587,Psychology,0.73,8.35,94.0
2588,Psychology,30.93,8.02,58.0
2589,Psychology,4.13,7.57,96.8
2590,Business,24.77,7.40,71.7
2591,Psychology,16.42,4.57,72.1
2592,Business,40.00,5.84,74.3
2593,Psychology,30.56,6.76,71.5
2594,Psychology,6.23,7.86,83.4
2595,Business,4.24,5.62,78.4
2596,Business,13.19,6.13,67.9
2597,Psychology,7.79,6.74,63.8
2598,Business,16.90,7.25,71.9
2599,Business,28.96,5.92,45.1
2600,Business,12.96,9.19,83.0
2601,Business,5.23,5.97,78.1
2602,Psychology,6.54,8.09,78.8
2603,Psychology,1.12,8.39,76.9
2604,Psychology,4.77,7.80,75.3
2605,Psychology,21.99,7.88,75.0
2606,Business,8.92,7.58,63.0
2607,Business,5.16,5.76,75.2
2608,Psychology,20.17,6.57,49.8
2609,Business,1.49,7.91,95.3
2610,Business,10.41,5.08,63.0
2611,Business,8.17,6.99,73.9
2612,Business,0.52,6.44,74.4
2613,Business,1.06,6.34,81.8
2614,Psychology,21.31,8.60,74.9
2615,Psychology,21.61,5.63,70.1
2616,Psychology,24.64,6.15,50.7
2617,Psychology,10.37,8.53,78.4
2618,Business,5.71,6.97,87.9
2619,Business,7.62,6.63,80.9
2620,Psychology,11.83,9.55,94.0
2621,Psychology,5.70,5.97,61.1
2622,Psychology,7.39,7.37,57.5
2623,Business,17.10,4.73,52.9
2624,Business,5.63,6.77,81.4
2625,Psychology,22.27,5.87,74.3
2626,Psychology,21.33,8.47,100.0
2627,Business,40.00,7.12,77.8
2628,Business,24.54,6.35,71.5
2629,Psychology,13.66,5.55,82.2
2630,Psychology,5.79,6.90,54.8
2631,Business,5.63,6.97,78.9
2632,Business,2.95,7.92,86.7
2633,Psychology,19.87,7.30,73.8
2634,Psychology,27.24,4.42,89.7
2635,Psychology,2.96,5.95,65.2
2636,Psychology,37.57,6.79,84.2
2637,Business,0.99,6.82,96.5
2638,Psychology,0.88,6.93,77.7
2639,Psychology,10.68,7.79,79.6
2640,Psychology,9.62,6.02,80.1
2641,Psychology,2.70,7.30,68.4
2642,Business,2.18,6.71,77.5
2643,Business,23.73,6.22,69.2
2644,Psychology,17.77,7.26,69.0
2645,Business,2.27,7.31,79.2
2646,Business,8.09,6.77,70.0
2647,Business,6.44,5.49,69.2
2648,Psychology,3.69,6.41,65.4
2649,Psychology,4.45,6.76,89.5
2650,Psychology,16.24,5.35,82.7
2651,Psychology,9.29,6.04,72.8
2652,Psychology,18.76,5.93,73.3
2653,Business,0.80,7.33,66.0
2654,Business,33.58,7.13,73.5
2655,Business,3.56,7.48,78.3
2656,Psychology,5.17,8.17,60.3
2657,Business,10.57,7.47,89.1
2658,Business,1.11,6.73,74.2
2659,Psychology,26.51,6.75,83.5
2660,Business,2.20,8.30,64.6
2661,Business,31.37,7.44,58.3
2662,Business,32.82,5.85,49.4
2663,Business,6.45,4.67,53.6
2664,Psychology,2.47,8.26,79.9
2665,Business,13.43,6.49,69.5
2666,Psychology,2.19,6.56,86.9
2667,Business,24.83,6.79,73.6
2668,Psychology,7.31,6.28,81.6
2669,Business,0.66,9.54,88.2
2670,Psychology,8.48,5.86,83.9
2671,Business,3.11,7.22,75.7
2672,Psychology,10.58,6.39,78.0
2673,Psychology,14.66,6.90,63.1
2674,Psychology,8.38,8.08,62.4
2675,Psychology,11.09,8.36,75.0
2676,Business,14.05,6.10,65.6
2677,Psychology,3.51,5.75,73.4
2678,Psychology,4.11,7.88,87.3
2679,Psychology,3.57,8.16,95.2
2680,Psychology,3.19,7.01,75.4
2681,Psychology,10.77,6.82,74.1
2682,Psychology,15.43,8.06,92.4
2683,Psychology,5.36,8.54,73.7
2684,Business,0.70,6.65,81.7
2685,Business,13.15,5.62,50.9
2686,Psychology,1.68,8.71,69.0
2687,Business,23.54,8.46,55.2
2688,Psychology,5.63,6.65,53.6
2689,Business,13.92,5.80,87.8
2690,Psychology,16.62,6.27,82.4
2691,Business,0.28,7.14,73.7
2692,Business,25.94,5.79,63.4
2693,Psychology,0.77,8.16,66.7
2694,Psychology,13.13,7.63,80.6
2695,Business,40.00,5.86,62.4
2696,Psychology,1.83,6.55,84.0
2697,Psychology,9.61,7.52,61.2
2698,Psychology,1.22,7.91,82.8
2699,Business,23.04,7.37,70.8
2700,Psychology,1.23,6.88,68.2
2701,Psychology,20.83,8.17,78.9
2702,Business,10.37,5.25,86.0
2703,Psychology,14.72,8.14,65.7
2704,Business,40.00,7.61,54.5
2705,Psychology,6.68,8.13,98.0
2706,Psychology,15.19,8.67,60.6
2707,Psychology,0.66,8.45,95.7
2708,Business,10.79,4.43,68.0
2709,Psychology,4.41,6.49,71.1
2710,Business,22.11,6.38,47.4
2711,Business,13.75,7.03,84.7
2712,Business,8.02,7.71,96.9
2713,Psychology,17.15,7.39,76.3
2714,Business,4.24,5.45,66.2
2715,Business,13.67,8.39,65.6
2716,Psychology,10.73,6.89,74.9
2717,Psychology,6.56,7.73,72.9
2718,Business,6.00,5.64,65.5
2719,Business,39.50,4.69,54.3
2720,Business,4.41,7.94,64.8
2721,Psychology,40.00,6.46,52.4
2722,Business,7.36,7.44,75.8
2723,Business,0.84,7.36,84.8
2724,Psychology,1.45,7.57,75.8
2725,Psychology,0.08,7.52,70.5
2726,Business,2.33,8.23,86.0
2727,Business,8.86,7.45,80.3
2728,Psychology,19.69,7.00,64.3
2729,Business,19.35,5.18,58.3
2730,Psychology,37.75,5.74,64.3
2731,Business,15.41,5.20,58.4
2732,Business,4.00,7.05,77.0
2733,Psychology,7.82,7.50,58.2
2734,Business,2.35,7.69,74.8
2735,Business,3.34,6.32,76.7
2736,Business,12.57,5.97,62.6
2737,Business,14.00,5.16,73.3
2738,Psychology,31.92,4.34,59.4
2739,Psychology,35.13,4.95,49.7
2740,Psychology,3.57,6.22,61.7
2741,Business,7.28,7.47,62.8
2742,Business,14.68,6.65,66.9
2743,Psychology,1.45,9.53,92.2
2744,Psychology,5.85,6.93,88.5
2745,Psychology,3.22,8.35,87.2
2746,Business,24.28,7.60,45.3
2747,Psychology,4.18,7.10,83.8
2748,Psychology,11.19,7.38,51.0
2749,Psychology,0.06,7.71,73.1
2750,Psychology,2.55,5.93,76.1
2751,Business,13.57,8.18,81.1
2752,Business,1.00,7.98,72.5
2753,Business,12.39,7.79,89.3
2754,Psychology,0.21,7.34,52.4
2755,Business,3.64,5.56,65.5
2756,Psychology,17.79,6.74,55.3
2757,Business,16.31,6.13,56.4
2758,Psychology,9.28,7.87,97.2
2759,Psychology,3.48,7.69,88.0
2760,Business,18.09,5.14,58.5
2761,Business,29.08,6.33,51.0
2762,Business,1.53,6.30,66.5
2763,Business,3.59,8.67,87.3
2764,Business,9.26,6.92,66.9
2765,Business,13.23,8.42,92.6
2766,Business,4.08,4.40,59.3
2767,Psychology,12.75,5.35,63.9
2768,Psychology,0.79,6.67,75.6
2769,Business,7.58,5.70,54.0
2770,Psychology,5.59,6.03,74.3
2771,Business,34.05,5.99,74.3
2772,Psychology,7.66,5.11,80.0
2773,Psychology,19.14,6.53,59.2
2774,Psychology,34.51,6.68,69.2
2775,Psychology,37.05,7.11,49.0
2776,Psychology,21.53,6.14,61.3
2777,Psychology,1.11,7.27,36.8
2778,Business,21.04,5.84,70.6
2779,Psychology,3.40,7.58,78.6
2780,Business,22.51,6.89,87.6
2781,Psychology,1.88,5.83,59.1
2782,Psychology,3.08,7.92,74.8
2783,Psychology,1.39,7.04,76.3
2784,Psychology,38.00,5.26,52.5
2785,Psychology,40.00,5.16,45.3
2786,Psychology,1.67,8.44,84.5
2787,Psychology,8.45,7.19,85.5
2788,Psychology,1.48,6.16,83.2
2789,Business,6.34,7.57,98.0
2790,Business,13.47,7.16,63.6
2791,Psychology,4.95,4.74,69.0
2792,Psychology,7.09,8.03,82.4
2793,Psychology,5.44,8.21,81.0
2794,Business,28.50,6.81,54.4
2795,Business,40.00,4.90,55.6
2796,Business,40.00,4.50,49.4
2797,Business,40.00,8.30,68.1
2798,Psychology,5.89,8.09,79.9
2799,Psychology,28.15,5.83,71.7
2800,Psychology,11.09,6.42,63.2
2801,Psychology,6.11,6.93,76.6
2802,Business,0.55,8.05,72.0
2803,Business,22.38,8.27,73.2
2804,Business,4.10,6.66,80.6
2805,Business,22.79,6.59,55.0
2806,Business,17.08,10.41,92.3
2807,Business,9.18,8.75,82.9
2808,Business,25.69,6.71,70.7
2809,Psychology,1.14,6.77,91.9
2810,Psychology,9.47,6.91,69.7
2811,Psychology,7.90,6.56,73.0
2812,Business,33.69,6.56,91.0
2813,Psychology,21.69,4.95,64.8
2814,Psychology,7.72,5.66,56.7
2815,Business,3.17,6.48,63.7
2816,Psychology,40.00,7.67,71.8
2817,Psychology,4.12,7.97,66.7
2818,Business,6.58,5.87,77.2
2819,Business,5.27,8.40,73.9
2820,Business,7.83,6.06,83.3
2821,Business,2.17,7.27,90.4
2822,Psychology,19.89,5.99,57.4
2823,Psychology,8.17,5.95,67.7
2824,Psychology,14.03,7.78,72.1
2825,Business,0.86,6.28,80.4
2826,Business,2.09,7.69,77.2
2827,Business,31.11,6.43,54.2
2828,Psychology,20.38,7.05,59.8
2829,Business,1.37,7.23,68.7
2830,Psychology,2.97,5.52,61.0
2831,Business,5.92,7.32,57.1
2832,Business,22.55,7.06,77.3
2833,Psychology,2.48,6.07,66.6
2834,Psychology,4.42,6.50,60.7
2835,Business,7.50,6.55,65.3
2836,Psychology,1.96,7.48,81.9
2837,Psychology,4.39,6.84,52.4
2838,Psychology,13.97,5.79,68.4
2839,Business,4.10,7.44,88.2
2840,Psychology,14.83,8.03,67.2
2841,Psychology,22.21,7.52,69.0
2842,Psychology,37.53,3.44,58.6
2843,Business,0.37,6.93,74.2
2844,Business,3.54,5.48,79.2
2845,Business,2.33,5.81,74.6
2846,Business,23.10,7.86,81.0
2847,Psychology,2.15,8.60,84.2
2848,Business,4.46,6.19,77.9
2849,Psychology,2.00,9.07,87.3
2850,Psychology,33.04,7.51,70.7
2851,Psychology,18.56,5.11,54.4
2852,Psychology,12.34,7.13,68.0
2853,Business,40.00,5.04,50.3
2854,Business,8.13,7.62,89.2
2855,Psychology,17.78,7.33,68.5
2856,Business,26.50,6.02,71.3
2857,Psychology,4.78,7.99,82.6
2858,Business,5.52,6.59,84.4
2859,Business,1.08,6.83,92.9
2860,Psychology,7.70,7.58,76.6
2861,Business,10.91,6.55,91.6
2862,Psychology,8.57,6.07,62.1
2863,Business,2.78,8.39,81.8
2864,Psychology,5.70,6.63,83.8
2865,Business,3.31,6.14,74.2
2866,Psychology,1.13,6.74,76.2
2867,Business,15.25,3.96,73.6
2868,Psychology,1.19,6.70,80.8
2869,Psychology,5.14,6.42,80.2
2870,Business,8.26,6.70,58.1
2871,Psychology,4.27,9.36,85.7
2872,Business,35.85,5.40,50.0
2873,Psychology,19.17,6.98,83.4
2874,Business,0.06,7.26,69.6
2875,Psychology,3.96,7.90,88.8
2876,Psychology,8.61,6.55,72.1
2877,Psychology,40.00,5.07,48.8
2878,Psychology,25.67,7.87,62.5
2879,Business,0.36,6.29,82.9
2880,Psychology,14.10,6.73,70.4
2881,Psychology,6.26,7.07,82.2
2882,Psychology,20.59,6.42,74.1
2883,Psychology,0.26,8.30,79.3
2884,Psychology,38.18,7.90,58.0
2885,Psychology,15.83,5.45,67.2
2886,Business,4.89,6.26,69.3
2887,Psychology,10.59,7.48,69.8
2888,Psychology,31.86,6.50,56.7
2889,Psychology,1.48,7.44,100.0
2890,Business,21.37,6.41,91.8
2891,Business,12.94,6.24,68.6
2892,Psychology,1.11,6.05,66.1
2893,Psychology,8.69,6.05,75.8
2894,Business,28.40,6.85,88.0
2895,Psychology,29.38,6.66,62.4
2896,Business,8.11,6.61,58.8
2897,Psychology,40.00,5.58,78.7
2898,Business,8.25,8.04,67.1
2899,Business,0.14,8.42,71.2
2900,Psychology,25.48,6.30,75.1
2901,Psychology,10.32,5.75,68.2
2902,Business,9.51,8.10,55.3
2903,Psychology,28.00,3.00,51.2
2904,Psychology,5.77,7.55,67.0
2905,Psychology,3.05,7.26,97.6
2906,Business,19.10,5.61,66.8
2907,Business,9.23,5.15,63.0
2908,Psychology,19.50,6.18,58.5
2909,Psychology,3.08,9.20,81.4
2910,Psychology,2.29,7.77,71.7
2911,Psychology,1.75,6.64,75.1
2912,Business,3.00,4.99,70.3
2913,Psychology,12.63,7.46,79.9
2914,Business,6.25,7.34,73.2
2915,Business,21.75,5.43,71.2
2916,Business,2.46,5.18,58.7
2917,Psychology,28.56,7.58,57.3
2918,Psychology,7.45,6.22,69.9
2919,Business,6.15,6.38,82.3
2920,Business,14.02,5.95,74.5
2921,Business,10.94,7.28,73.1
2922,Business,8.16,7.60,77.7
2923,Psychology,9.90,5.61,60.8
2924,Psychology,6.21,5.61,70.0
2925,Psychology,0.64,8.91,75.0
2926,Business,13.96,6.97,74.4
2927,Business,16.35,7.49,72.4
2928,Business,12.49,8.12,76.6
2929,Psychology,15.54,5.48,74.9
2930,Psychology,33.21,3.63,50.4
2931,Business,3.16,6.43,89.7
2932,Business,14.39,7.46,71.0
2933,Psychology,8.71,4.63,53.8
2934,Business,35.70,6.53,46.5
2935,Business,2.69,5.31,75.3
2936,Psychology,33.00,4.92,71.6
2937,Business,26.21,5.58,47.5
2938,Business,4.01,9.93,66.0
2939,Psychology,2.88,8.58,100.0
2940,Psychology,1.03,8.49,76.0
2941,Psychology,6.55,6.23,75.5
2942,Business,4.86,6.87,59.8
2943,Psychology,1.53,6.03,85.4
2944,Business,6.66,7.97,62.0
2945,Business,16.27,6.21,57.2
2946,Business,18.92,6.89,62.4
2947,Psychology,1.19,7.29,83.5
2948,Psychology,31.08,6.08,57.0
2949,Psychology,40.00,7.26,56.5
2950,Business,8.50,7.16,72.2
2951,Psychology,40.00,6.67,82.6
2952,Psychology,5.72,8.53,92.1
2953,Psychology,18.19,6.43,83.0
2954,Business,14.59,6.28,54.4
2955,Business,7.55,4.77,73.9
2956,Business,27.78,6.42,60.4
2957,Psychology,6.90,8.46,76.4
2958,Psychology,9.61,6.92,98.6
2959,Psychology,9.21,7.03,71.5
2960,Business,2.43,6.43,82.1
2961,Psychology,1.52,8.40,93.7
2962,Business,24.38,5.70,50.3
2963,Psychology,4.40,8.65,73.4
2964,Psychology,8.35,7.68,75.6
2965,Business,1.30,7.43,83.2
2966,Psychology,1.10,7.35,100.0
2967,Psychology,40.00,7.99,55.9
2968,Business,40.00,4.43,65.1
2969,Psychology,5.68,6.51,81.2
2970,Business,32.56,5.51,64.5
2971,Psychology,15.04,6.02,71.2
2972,Business,3.66,6.08,75.2
2973,Psychology,0.25,5.16,69.4
2974,Business,1.63,7.01,98.0
2975,Business,7.11,5.67,70.4
2976,Business,5.84,6.66,81.1
2977,Psychology,23.40,5.94,53.6
2978,Business,18.50,6.10,63.0
2979,Psychology,3.74,5.18,73.5
2980,Psychology,12.48,5.72,53.8
2981,Business,4.32,7.41,68.4
2982,Psychology,5.45,6.11,65.6
2983,Business,16.85,8.50,80.4
2984,Business,7.59,7.12,72.0
2985,Business,9.40,6.96,66.2
2986,Business,21.58,5.75,67.6
2987,Psychology,9.39,8.34,84.7
2988,Business,4.08,7.38,82.3
2989,Business,28.19,6.70,60.0
2990,Business,4.39,7.71,86.7
2991,Business,0.66,5.06,100.0
2992,Psychology,0.20,5.68,78.0
2993,Psychology,2.59,7.07,100.0
2994,Psychology,0.73,7.81,81.3
2995,Business,1.20,6.27,73.0
2996,Business,25.00,5.80,59.9
2997,Psychology,6.87,8.46,79.8
2998,Business,1.49,6.19,92.3
2999,Psychology,22.10,5.54,65.3
3000,Psychology,2.16,9.07,84.3
3001,Psychology,17.24,5.93,71.7
3002,Psychology,9.03,8.39,94.8
3003,Business,2.23,6.82,92.2
3004,Business,40.00,6.14,59.0
3005,Psychology,4.33,7.41,86.0
3006,Business,1.69,6.22,77.4
3007,Psychology,5.46,6.50,78.0
3008,Psychology,15.95,6.93,76.3
3009,Psychology,10.45,6.78,88.4
3010,Business,9.13,6.74,91.7
3011,Business,8.59,4.85,82.0
3012,Business,1.83,6.03,89.7
3013,Psychology,6.34,6.90,77.6
3014,Psychology,1.55,4.48,60.1
3015,Business,3.95,7.06,100.0
3016,Psychology,2.24,8.94,71.0
3017,Business,18.67,6.95,66.7
3018,Psychology,10.47,6.60,88.2
3019,Psychology,7.98,8.54,93.6
3020,Business,27.58,7.47,78.9
3021,Business,1.69,6.91,83.5
3022,Psychology,1.67,7.54,97.6
3023,Business,7.88,8.17,80.7
3024,Psychology,22.72,6.15,55.4
3025,Psychology,30.97,6.08,53.7
3026,Psychology,21.78,6.24,86.0
3027,Psychology,11.22,5.72,70.9
3028,Psychology,30.30,6.49,53.8
3029,Business,0.56,9.24,90.4
3030,Business,9.08,4.71,67.9
3031,Business,26.80,6.92,74.9
3032,Psychology,8.34,6.20,57.5
3033,Psychology,23.03,6.93,67.7
3034,Business,3.93,6.41,63.5
3035,Psychology,39.22,5.50,41.2
3036,Business,5.40,7.36,80.6
3037,Business,3.33,8.39,69.0
3038,Psychology,8.51,7.04,72.7
3039,Business,10.61,5.86,80.1
3040,Business,0.92,4.08,63.3
3041,Psychology,2.87,5.34,75.6
3042,Business,23.83,6.58,68.7
3043,Psychology,8.11,8.37,88.6
3044,Psychology,5.11,6.89,88.4
3045,Psychology,6.29,8.66,84.7
3046,Psychology,7.86,5.47,74.0
3047,Business,2.64,6.47,82.9
3048,Psychology,12.97,6.22,66.7
3049,Psychology,3.45,7.34,82.6
3050,Business,1.83,5.80,59.4
3051,Psychology,1.17,6.98,75.5
3052,Business,6.53,6.55,81.7
3053,Psychology,29.53,6.79,61.9
3054,Business,2.21,7.77,82.8
3055,Business,18.50,6.81,76.8
3056,Psychology,5.38,6.50,51.8
3057,Psychology,39.87,5.34,34.7
3058,Business,11.32,6.75,71.7
3059,Business,7.16,6.80,72.3
3060,Psychology,3.77,6.38,71.5
3061,Business,6.02,5.36,78.7
3062,Business,6.43,5.88,98.8
3063,Business,3.37,6.45,62.4
3064,Psychology,14.82,7.94,69.7
3065,Business,7.23,6.59,65.8
3066,Psychology,11.91,6.78,64.9
3067,Business,19.34,5.86,73.4
3068,Business,0.34,8.74,76.1
3069,Business,26.71,6.54,57.2
3070,Psychology,1.91,6.05,84.1
3071,Business,2.43,6.21,58.9
3072,Psychology,8.23,7.06,57.1
3073,Psychology,9.03,6.33,82.7
3074,Psychology,19.00,5.26,65.6
3075,Psychology,7.70,6.92,93.2
3076,Psychology,10.11,7.18,67.0
3077,Business,6.43,8.47,88.3
3078,Business,11.03,8.62,68.6
3079,Psychology,1.42,9.38,98.6
3080,Psychology,26.62,6.47,67.6
3081,Psychology,2.38,6.39,85.9
3082,Psychology,1.41,5.37,75.0
3083,Business,13.26,7.47,82.9
3084,Business,21.35,8.08,63.2
3085,Psychology,40.00,6.30,55.0
3086,Business,14.84,6.35,63.7
3087,Psychology,1.90,7.39,96.0
3088,Business,24.50,7.14,69.1
3089,Psychology,10.64,5.07,81.9
3090,Business,19.95,4.54,47.5
3091,Business,6.47,5.28,72.9
3092,Business,5.51,7.87,85.4
3093,Psychology,9.41,4.76,78.0
3094,Psychology,2.28,4.74,63.9
3095,Psychology,0.82,4.41,78.1
3096,Business,7.14,6.66,77.0
3097,Business,5.24,7.35,75.9
3098,Business,17.33,7.93,79.6
3099,Psychology,1.53,5.43,60.8
3100,Psychology,18.15,7.23,68.8
3101,Psychology,10.07,5.27,67.3
3102,Business,14.79,4.04,56.8
3103,Psychology,1.53,7.86,76.8
3104,Business,2.27,6.79,80.4
3105,Business,22.56,8.20,71.0
3106,Psychology,5.76,7.62,70.2
3107,Psychology,0.70,7.50,83.3
3108,Psychology,12.44,5.69,74.4
3109,Psychology,18.07,7.49,63.3
3110,Business,9.87,5.51,67.6
3111,Psychology,2.20,5.99,88.9
3112,Business,1.71,7.19,72.9
3113,Psychology,18.91,8.69,85.3
3114,Psychology,7.92,7.22,75.6
3115,Business,4.66,6.35,79.1
3116,Psychology,8.03,7.71,82.6
3117,Psychology,12.50,5.92,60.2
3118,Psychology,11.72,6.11,72.9
3119,Business,10.61,5.52,66.0
3120,Psychology,7.28,6.46,63.4
3121,Business,6.99,7.44,72.0
3122,Business,1.61,7.38,60.8
3123,Business,3.52,7.40,77.0
3124,Psychology,1.30,7.54,51.6
3125,Psychology,6.88,8.01,78.3
3126,Psychology,0.14,8.11,95.0
3127,Psychology,2.28,7.84,66.6
3128,Psychology,2.91,7.83,84.1
3129,Psychology,3.25,8.18,93.4
3130,Psychology,5.41,9.00,80.9
3131,Psychology,13.30,8.62,94.8
3132,Business,4.23,7.23,80.1
3133,Psychology,24.10,6.52,68.1
3134,Business,14.38,4.13,63.8
3135,Psychology,21.75,7.18,58.2
3136,Business,14.28,6.71,62.6
3137,Business,2.15,8.24,66.0
3138,Psychology,29.26,6.84,60.5
3139,Psychology,9.43,7.89,60.3
3140,Psychology,5.38,5.41,98.4
3141,Psychology,14.39,6.45,68.5
3142,Business,6.20,6.73,57.7
3143,Psychology,11.22,7.09,97.2
3144,Psychology,5.40,7.52,88.2
3145,Psychology,0.05,6.92,86.4
3146,Business,33.71,5.81,73.1
3147,Business,35.93,6.57,49.1
3148,Psychology,9.14,5.44,72.7
3149,Business,3.93,9.55,90.3
3150,Psychology,3.97,7.01,56.3
3151,Business,2.49,5.60,75.6
3152,Psychology,21.93,6.37,54.2
3153,Psychology,16.13,6.02,68.6
3154,Business,0.46,6.80,82.1
3155,Psychology,4.80,7.16,92.6
3156,Business,9.43,6.71,57.4
3157,Business,32.50,4.62,63.7
3158,Psychology,20.21,7.39,78.5
3159,Business,3.72,7.47,78.8
3160,Psychology,19.15,6.97,63.0
3161,Psychology,10.35,8.24,94.1
3162,Business,0.28,6.70,96.4
3163,Psychology,1.97,9.06,63.7
3164,Business,6.55,8.23,71.9
3165,Business,9.55,6.70,57.3
3166,Business,4.44,7.24,74.9
3167,Psychology,13.89,5.59,73.5
3168,Business,25.51,6.97,58.8
3169,Psychology,12.07,6.45,60.1
3170,Psychology,6.59,5.92,84.0
3171,Psychology,5.58,7.09,93.2
3172,Psychology,12.83,4.45,62.5
3173,Business,6.55,8.70,66.8
3174,Psychology,5.22,7.43,91.1
3175,Psychology,1.01,7.23,99.8
3176,Business,29.26,7.44,68.5
3177,Business,7.94,6.93,81.9
3178,Business,4.28,5.10,68.5
3179,Business,7.97,6.33,90.7
3180,Business,6.38,7.58,71.1
3181,Psychology,0.00,8.66,73.1
3182,Psychology,16.23,5.82,66.8
3183,Psychology,1.89,5.92,75.0
3184,Business,6.29,6.42,73.3
3185,Psychology,11.30,6.17,76.8
3186,Psychology,22.16,5.91,72.4
3187,Psychology,5.26,8.77,81.7
3188,Business,6.40,5.80,74.7
3189,Business,15.99,6.98,79.9
3190,Psychology,7.38,6.95,62.2
3191,Business,5.96,8.37,80.6
3192,Business,9.30,5.35,76.8
3193,Business,6.38,9.20,71.3
3194,Psychology,3.82,8.54,82.4
3195,Psychology,6.13,6.37,70.5
3196,Business,1.10,8.05,78.4
3197,Business,4.91,9.21,84.8
3198,Business,4.72,7.16,74.6
3199,Psychology,33.10,5.16,65.1
3200,Business,12.48,8.40,68.9
3201,Business,35.19,3.75,63.0
3202,Business,14.02,6.55,83.7
3203,Psychology,7.11,6.92,83.6
3204,Psychology,22.30,6.62,77.5
3205,Psychology,7.22,7.44,70.3
3206,Psychology,10.24,5.86,65.1
3207,Business,13.71,7.29,73.1
3208,Business,6.94,5.79,73.4
3209,Psychology,11.59,6.57,93.2
3210,Psychology,39.55,6.16,74.2
3211,Business,13.16,6.11,55.1
3212,Business,25.23,4.87,61.3
3213,Psychology,17.45,7.22,78.8
3214,Psychology,3.40,6.38,62.1
3215,Psychology,5.38,7.23,84.3
3216,Psychology,40.00,5.30,42.9
3217,Business,0.71,8.73,82.5
3218,Business,3.96,5.16,71.7
3219,Business,6.81,6.43,75.3
3220,Psychology,28.13,5.36,82.1
3221,Psychology,1.88,7.10,72.9
3222,Business,8.18,5.53,71.4
3223,Psychology,10.89,7.65,70.6
3224,Psychology,11.26,6.50,61.0
3225,Psychology,15.75,6.65,73.0
3226,Psychology,2.46,8.74,100.0
3227,Business,16.45,7.29,60.0
3228,Business,1.38,6.55,58.4
3229,Psychology,3.27,7.74,82.4
3230,Psychology,2.28,7.66,76.7
3231,Business,7.82,6.33,81.8
3232,Business,5.96,5.70,94.3
3233,Business,0.21,7.20,77.1
3234,Business,11.91,5.91,66.0
3235,Business,40.00,6.01,68.9
3236,Psychology,40.00,5.40,79.9
3237,Business,13.13,4.33,46.8
3238,Business,5.57,6.03,81.5
3239,Psychology,6.11,7.66,86.7
3240,Business,1.71,6.62,70.2
3241,Psychology,26.61,7.24,63.8
3242,Business,2.90,6.75,67.0
3243,Psychology,9.65,9.11,94.1
3244,Psychology,0.56,6.61,64.5
3245,Business,10.75,6.54,71.9
3246,Business,3.06,7.45,89.2
3247,Business,8.16,7.70,60.3
3248,Business,11.78,5.45,74.3
3249,Psychology,23.39,7.16,61.3
3250,Business,4.66,7.86,80.3
3251,Business,14.90,5.10,72.6
3252,Psychology,0.49,6.33,72.1
3253,Business,1.71,5.83,81.3
3254,Psychology,4.92,5.31,62.7
3255,Psychology,9.90,4.74,75.6
3256,Business,7.90,6.19,73.0
3257,Business,16.99,7.01,76.4
3258,Psychology,23.06,6.79,60.3
3259,Psychology,10.22,6.51,59.1
3260,Business,0.25,7.54,96.6
3261,Psychology,8.51,6.34,69.5
3262,Business,2.81,8.33,76.0
3263,Business,0.19,8.16,83.2
3264,Business,26.64,5.64,83.1
3265,Business,6.35,6.29,63.3
3266,Business,7.81,6.94,82.3
3267,Psychology,40.00,5.87,38.4
3268,Business,40.00,7.42,58.1
3269,Business,8.57,6.04,55.9
3270,Psychology,7.06,5.76,71.4
3271,Psychology,10.16,8.09,80.4
3272,Business,4.53,5.78,82.5
3273,Psychology,4.57,5.10,78.3
3274,Psychology,40.00,8.15,82.6
3275,Psychology,1.79,7.00,74.3
3276,Psychology,26.92,6.42,60.9
3277,Psychology,12.65,7.67,63.7
3278,Psychology,4.28,6.75,65.3
3279,Psychology,8.42,6.84,76.1
3280,Psychology,2.87,7.10,75.6
3281,Business,12.46,6.96,68.9
3282,Psychology,12.75,7.10,92.2
3283,Business,15.81,6.52,69.7
3284,Psychology,0.08,7.01,69.0
3285,Business,5.25,7.78,87.1
3286,Psychology,20.26,6.92,63.9
3287,Business,0.00,6.01,67.6
3288,Business,19.69,6.09,89.6
3289,Psychology,17.22,8.60,82.9
3290,Psychology,6.99,5.90,82.5
3291,Business,40.00,6.99,83.3
3292,Psychology,6.70,5.75,82.5
3293,Psychology,1.66,5.69,76.6
3294,Business,4.37,7.68,85.7
3295,Psychology,12.46,8.37,84.9
3296,Business,28.12,5.49,68.4
3297,Business,20.51,4.64,75.9
3298,Business,12.61,6.07,77.6
3299,Business,8.32,7.14,72.0
3300,Psychology,0.28,8.77,76.0
3301,Business,4.72,6.03,80.8
3302,Psychology,3.56,8.96,81.4
3303,Business,2.10,6.39,89.3
3304,Psychology,14.52,5.04,73.6
3305,Psychology,27.29,6.14,57.5
3306,Business,14.23,7.74,93.1
3307,Psychology,0.55,6.09,75.8
3308,Psychology,21.04,4.90,50.9
3309,Business,2.12,8.18,84.7
3310,Business,0.46,6.87,80.4
3311,Business,16.52,5.39,66.1
3312,Psychology,40.00,5.77,31.9
3313,Business,31.85,7.20,61.8
3314,Business,3.28,6.36,64.6
3315,Psychology,15.53,6.63,82.6
3316,Business,1.28,7.37,80.1
3317,Business,14.61,6.99,83.2
3318,Psychology,0.57,7.21,99.0
3319,Business,9.54,8.89,84.3
3320,Business,24.66,8.17,74.5
3321,Business,6.90,7.86,74.6
3322,Psychology,13.30,4.43,70.3
3323,Business,10.84,6.55,49.7
3324,Psychology,13.91,7.20,69.2
3325,Business,9.72,4.99,80.7
3326,Psychology,14.87,6.21,51.9
3327,Business,1.77,6.68,82.6
3328,Business,7.04,7.34,67.9
3329,Business,11.97,6.22,78.8
3330,Psychology,5.28,5.41,80.5
3331,Psychology,21.57,7.08,67.5
3332,Business,8.26,7.36,71.4
3333,Business,40.00,6.72,63.5
3334,Business,1.31,6.37,71.1
3335,Psychology,21.14,5.19,69.8
3336,Business,22.60,4.95,48.2
3337,Psychology,8.81,6.05,83.7
3338,Psychology,7.24,6.29,80.9
3339,Psychology,12.43,8.03,63.9
3340,Psychology,2.61,6.57,71.6
3341,Business,31.91,7.40,60.9
3342,Psychology,17.73,5.93,62.4
3343,Business,1.23,8.53,86.0
3344,Psychology,19.26,6.93,61.1
3345,Business,9.52,7.02,76.2
3346,Psychology,1.52,6.14,73.2
3347,Psychology,5.17,5.06,80.3
3348,Business,5.40,9.27,100.0
3349,Psychology,8.54,5.80,84.8
3350,Business,1.19,6.82,90.3
3351,Psychology,9.41,5.96,80.5
3352,Psychology,6.95,6.67,76.6
3353,Psychology,24.90,5.33,75.6
3354,Business,2.19,6.59,83.5
3355,Business,9.14,7.07,61.8
3356,Psychology,2.23,5.35,66.7
3357,Business,37.44,6.90,45.4
3358,Business,8.75,7.33,87.9
3359,Psychology,16.69,7.19,66.7
3360,Business,2.56,8.74,86.5
3361,Business,6.53,6.40,58.6
3362,Business,31.96,5.95,59.3
3363,Business,7.65,7.32,58.1
3364,Business,1.41,8.71,75.4
3365,Psychology,0.87,6.03,98.1
3366,Psychology,2.35,5.62,81.7
3367,Business,0.63,6.40,71.8
3368,Psychology,1.45,7.41,83.4
3369,Business,4.34,7.79,78.0
3370,Business,1.33,7.28,75.2
3371,Psychology,9.84,8.99,80.7
3372,Business,9.70,6.72,80.8
3373,Business,7.89,5.94,67.6
3374,Business,5.95,6.88,72.9
3375,Psychology,30.44,5.82,62.8
3376,Psychology,3.12,6.86,89.3
3377,Psychology,4.42,5.87,62.3
3378,Psychology,17.46,9.00,64.3
3379,Business,6.63,6.63,81.8
3380,Psychology,10.62,7.64,84.2
3381,Psychology,6.93,7.66,64.5
3382,Psychology,8.52,6.73,72.5
3383,Business,15.38,6.40,71.8
3384,Psychology,9.09,6.74,81.9
3385,Business,17.29,7.30,54.9
3386,Business,15.99,6.85,74.6
3387,Business,14.74,6.04,69.0
3388,Psychology,14.09,5.29,68.1
3389,Psychology,7.99,5.80,67.6
3390,Psychology,8.67,6.62,67.7
3391,Psychology,3.03,9.12,80.3
3392,Business,27.71,5.95,50.6
3393,Psychology,4.40,7.00,69.4
3394,Psychology,0.40,5.32,99.3
3395,Psychology,3.89,6.38,100.0
3396,Psychology,8.50,5.23,70.1
3397,Psychology,20.92,6.92,61.8
3398,Psychology,18.13,8.08,66.5
3399,Psychology,6.19,6.78,95.9
3400,Business,18.84,7.87,57.9
3401,Psychology,4.43,6.96,99.3
3402,Psychology,12.27,8.03,65.1
3403,Business,4.09,9.10,93.9
3404,Business,13.37,7.36,73.2
3405,Business,10.26,8.46,76.2
3406,Psychology,12.06,7.31,80.0
3407,Psychology,14.56,9.64,89.5
3408,Business,4.26,8.33,68.3
3409,Business,9.63,6.78,70.3
3410,Business,3.57,7.32,70.9
3411,Psychology,7.65,6.90,69.7
3412,Psychology,18.36,5.65,59.4
3413,Psychology,5.00,7.51,59.0
3414,Psychology,30.32,5.98,72.5
3415,Business,0.25,6.75,81.3
3416,Psychology,11.05,6.89,49.6
3417,Business,3.81,5.82,59.9
3418,Business,0.72,7.07,84.1
3419,Psychology,2.86,7.02,76.7
3420,Business,18.35,5.07,59.2
3421,Business,0.45,6.79,76.5
3422,Psychology,0.88,8.15,97.0
3423,Psychology,7.48,5.08,70.6
3424,Psychology,9.18,6.53,71.2
3425,Business,40.00,7.27,71.1
3426,Business,3.23,6.08,86.8
3427,Psychology,16.38,7.18,65.6
3428,Business,7.08,8.27,76.3
3429,Psychology,38.03,6.20,50.8
3430,Psychology,0.02,7.99,87.8
3431,Psychology,18.09,7.29,79.7
3432,Business,7.47,9.57,88.2
3433,Psychology,10.20,7.64,81.6
3434,Business,5.00,7.19,75.9
3435,Psychology,6.44,5.37,53.8
3436,Business,13.74,8.75,72.0
3437,Psychology,3.19,7.01,61.8
3438,Psychology,40.00,5.09,41.1
3439,Psychology,17.91,6.23,68.8
3440,Business,3.39,6.74,86.1
3441,Business,4.16,7.53,66.5
3442,Business,40.00,7.32,53.0
3443,Business,0.12,6.71,91.8
3444,Business,6.63,6.87,90.5
3445,Psychology,6.85,6.27,71.5
3446,Business,3.74,5.30,73.5
3447,Psychology,28.73,5.88,62.9
3448,Psychology,40.00,6.33,68.1
3449,Business,18.37,6.33,76.2
3450,Psychology,4.65,8.98,86.3
3451,Psychology,2.71,8.21,72.7
3452,Business,3.23,5.72,47.6
3453,Psychology,4.34,7.54,69.9
3454,Business,1.58,7.87,98.6
3455,Psychology,4.19,6.00,84.1
3456,Business,3.67,5.34,89.6
3457,Business,0.96,6.55,86.5
3458,Business,4.58,6.88,74.4
3459,Business,21.35,6.01,71.6
3460,Business,23.44,7.05,72.1
3461,Psychology,7.21,7.21,78.4
3462,Psychology,12.11,7.32,65.2
3463,Business,15.09,5.98,100.0
3464,Psychology,16.32,5.96,66.0
3465,Business,31.65,6.92,68.6
3466,Psychology,23.93,8.23,85.4
3467,Psychology,5.36,8.30,68.7
3468,Business,4.00,8.43,96.8
3469,Psychology,5.42,6.12,75.0
3470,Psychology,6.13,6.90,84.5
3471,Business,9.94,5.67,90.4
3472,Psychology,15.20,5.72,76.2
3473,Psychology,2.61,8.44,75.1
3474,Psychology,7.23,6.54,69.4
3475,Business,12.08,6.63,71.6
3476,Psychology,5.04,5.93,67.0
3477,Psychology,36.27,6.63,63.7
3478,Psychology,0.01,7.49,74.9
3479,Psychology,13.33,6.76,100.0
3480,Business,7.17,5.88,72.3
3481,Business,16.62,6.56,67.4
3482,Business,12.79,8.43,65.2
3483,Business,19.21,6.65,71.7
3484,Business,11.06,5.20,64.4
3485,Business,7.30,7.16,77.7
3486,Psychology,15.01,6.22,75.2
3487,Psychology,4.84,8.38,77.3
3488,Business,11.62,7.29,88.1
3489,Psychology,3.32,6.16,52.6
3490,Psychology,16.03,6.36,63.6
3491,Business,6.43,7.62,80.6
3492,Psychology,7.26,4.87,84.9
3493,Business,4.44,7.98,84.7
3494,Business,6.22,6.80,58.4
3495,Psychology,28.57,5.71,58.8
3496,Business,11.50,6.50,62.0
3497,Psychology,6.48,7.40,78.2
3498,Psychology,6.93,7.11,59.6
3499,Business,22.81,6.88,65.7
3500,Business,0.02,7.24,73.8
3501,Psychology,6.37,7.21,94.3
3502,Business,14.16,7.28,76.2
3503,Psychology,2.95,6.32,74.7
3504,Psychology,7.81,5.29,72.5
3505,Business,12.26,6.19,69.4
3506,Psychology,4.68,7.90,88.8
3507,Psychology,40.00,4.33,61.9
3508,Psychology,0.61,7.34,75.0
3509,Business,2.00,8.24,72.6
3510,Business,8.78,9.10,73.2
3511,Psychology,40.00,3.27,33.3
3512,Business,15.21,6.43,61.8
3513,Psychology,3.84,6.18,76.3
3514,Psychology,26.70,5.96,57.8
3515,Psychology,8.04,9.22,76.9
3516,Psychology,15.57,5.63,65.5
3517,Business,1.64,5.58,90.5
3518,Business,8.54,6.22,71.8
3519,Business,15.22,5.66,85.4
3520,Psychology,12.33,8.79,71.1
3521,Psychology,3.92,6.50,78.9
3522,Psychology,0.31,7.79,81.7
3523,Psychology,4.28,6.19,82.1
3524,Business,1.39,6.56,73.2
3525,Business,5.66,5.23,83.6
3526,Psychology,2.08,6.64,100.0
3527,Psychology,15.15,7.08,52.5
3528,Psychology,10.18,7.25,83.6
3529,Psychology,2.01,8.20,67.9
3530,Business,2.37,7.90,78.4
3531,Psychology,9.71,7.10,98.1
3532,Business,17.77,6.82,71.7
3533,Business,25.02,5.06,77.2
3534,Psychology,24.96,8.49,88.3
3535,Business,16.28,7.40,76.9
3536,Psychology,3.29,8.24,89.3
3537,Psychology,0.60,7.26,81.2
3538,Psychology,0.26,6.46,77.2
3539,Business,5.47,8.22,76.0
3540,Business,8.01,7.58,92.3
3541,Psychology,4.92,8.46,86.6
3542,Psychology,3.60,8.28,90.0
3543,Business,2.67,6.52,72.9
3544,Psychology,2.34,7.15,67.0
3545,Psychology,20.20,5.37,58.8
3546,Psychology,0.75,6.62,78.0
3547,Business,2.68,6.91,66.2
3548,Business,21.69,6.48,81.8
3549,Business,37.57,7.29,62.5
3550,Psychology,8.54,6.04,60.8
3551,Business,28.09,6.01,50.3
3552,Business,12.50,4.77,62.0
3553,Psychology,2.74,5.60,86.0
3554,Business,8.65,6.41,100.0
3555,Psychology,0.53,6.51,83.4
3556,Psychology,1.60,7.41,82.8
3557,Business,18.89,6.70,84.7
3558,Business,3.19,9.82,98.7
3559,Business,40.00,4.74,67.2
3560,Business,3.11,5.23,69.6
3561,Psychology,12.28,5.31,83.6
3562,Psychology,3.70,7.21,95.4
3563,Psychology,0.67,6.42,49.9
3564,Business,2.65,7.98,81.6
3565,Psychology,33.87,5.52,52.7
3566,Psychology,5.62,5.52,85.3
3567,Psychology,2.18,8.59,75.9
3568,Psychology,31.19,6.35,47.3
3569,Psychology,2.61,8.10,85.7
3570,Psychology,18.81,5.71,72.0
3571,Business,6.64,8.09,83.5
3572,Psychology,13.03,5.76,50.7
3573,Business,11.84,4.59,55.8
3574,Business,10.41,7.00,77.2
3575,Business,4.91,6.70,82.0
3576,Business,8.08,5.86,73.9
3577,Business,40.00,6.26,61.8
3578,Business,1.07,7.09,80.5
3579,Business,30.97,5.59,56.0
3580,Psychology,19.92,8.01,73.3
3581,Business,20.82,6.08,71.1
3582,Business,9.42,6.09,64.6
3583,Business,2.27,7.58,63.0
3584,Business,12.54,6.53,76.7
3585,Psychology,1.48,6.80,85.0
3586,Psychology,8.36,7.17,85.7
3587,Business,4.12,6.86,64.0
3588,Psychology,0.96,6.36,65.8
3589,Psychology,24.89,6.78,73.0
3590,Business,0.83,8.16,67.3
3591,Psychology,7.43,6.68,47.2
3592,Psychology,4.82,6.27,97.7
3593,Business,0.86,5.84,75.6
3594,Business,8.15,5.70,76.6
3595,Psychology,5.38,7.16,81.7
3596,Psychology,2.11,9.11,69.1
3597,Psychology,15.52,6.97,70.1
3598,Business,14.34,8.61,81.9
3599,Business,38.40,7.91,68.1
3600,Psychology,10.84,6.18,62.0
3601,Psychology,1.50,6.66,62.5
3602,Psychology,16.05,6.37,82.9
3603,Psychology,1.12,7.79,74.3
3604,Psychology,7.25,7.16,64.7
3605,Business,22.99,7.82,70.6
3606,Business,7.14,7.72,73.9
3607,Psychology,1.53,4.84,69.0
3608,Psychology,9.00,6.33,83.4
3609,Business,28.28,7.08,52.3
3610,Business,1.83,7.01,83.6
3611,Business,0.20,6.44,68.3
3612,Business,0.84,6.80,85.8
3613,Psychology,4.15,5.92,71.6
3614,Psychology,2.43,7.57,82.6
3615,Psychology,22.22,4.65,67.5
3616,Psychology,24.98,5.75,67.6
3617,Business,19.06,8.34,57.7
3618,Psychology,10.09,7.19,73.0
3619,Psychology,1.27,7.63,54.2
3620,Psychology,8.08,7.24,83.7
3621,Business,0.96,6.03,80.9
3622,Business,12.14,7.26,78.3
3623,Business,0.33,8.48,64.1
3624,Psychology,16.12,4.80,60.1
3625,Psychology,25.68,7.49,82.4
3626,Business,40.00,4.79,34.3
3627,Psychology,0.46,8.27,87.8
3628,Business,1.43,6.21,76.6
3629,Psychology,19.46,7.13,54.5
3630,Psychology,2.32,7.19,86.1
3631,Business,2.85,8.57,79.5
3632,Business,6.70,7.27,86.9
3633,Psychology,12.58,5.62,69.3
3634,Business,28.72,6.65,62.6
3635,Business,3.35,7.60,75.4
3636,Business,8.09,8.11,74.7
3637,Business,37.26,7.72,66.5
3638,Psychology,5.29,7.39,70.7
3639,Psychology,40.00,5.73,62.0
3640,Psychology,19.63,6.85,79.5
3641,Psychology,5.51,6.25,80.1
3642,Business,3.30,5.28,82.4
3643,Business,14.17,8.75,82.3
3644,Business,37.91,4.38,70.0
3645,Business,4.29,7.23,82.4
3646,Psychology,14.71,6.50,75.0
3647,Business,5.50,8.18,82.0
3648,Psychology,7.92,7.01,68.1
3649,Business,25.39,7.02,73.9
3650,Psychology,3.77,8.20,69.7
3651,Psychology,1.41,8.46,75.7
3652,Business,10.24,7.72,63.9
3653,Business,6.06,7.00,92.8
3654,Business,12.72,6.89,58.2
3655,Psychology,12.19,7.25,77.5
3656,Psychology,27.99,6.64,77.4
3657,Business,0.19,8.25,87.5
3658,Business,13.65,6.01,74.5
3659,Psychology,0.12,7.16,54.5
3660,Business,0.04,8.64,72.5
3661,Business,40.00,5.16,39.9
3662,Business,8.42,7.35,68.2
3663,Psychology,15.79,6.54,77.5
3664,Psychology,27.19,6.48,59.7
3665,Psychology,24.32,7.70,82.0
3666,Business,3.16,7.54,77.7
3667,Psychology,25.51,5.96,70.3
3668,Psychology,12.36,6.28,78.2
3669,Psychology,3.54,4.92,76.4
3670,Psychology,17.02,8.26,59.3
3671,Business,18.97,6.90,69.1
3672,Psychology,19.33,5.61,79.8
3673,Psychology,18.92,7.72,89.7
3674,Business,16.88,4.76,77.2
3675,Psychology,6.19,6.05,91.8
3676,Business,6.49,5.93,75.3
3677,Business,23.14,7.89,66.6
3678,Psychology,2.44,7.52,76.2
3679,Business,8.55,6.27,67.4
3680,Business,5.96,6.30,56.4
3681,Psychology,1.08,5.89,90.7
3682,Business,8.26,8.40,88.2
3683,Psychology,21.06,7.09,60.3
3684,Business,7.36,5.13,77.8
3685,Psychology,6.33,7.34,71.3
3686,Business,12.87,6.52,62.0
3687,Business,7.97,7.72,82.1
3688,Business,7.56,7.21,79.0
3689,Psychology,1.32,9.51,70.1
3690,Psychology,0.87,8.77,100.0
3691,Psychology,7.01,7.15,88.4
3692,Psychology,3.64,7.63,57.2
3693,Business,26.74,7.19,66.7
3694,Business,16.64,7.61,84.5
3695,Psychology,4.75,6.94,85.3
3696,Psychology,8.24,8.44,81.1
3697,Business,12.19,7.74,90.0
3698,Psychology,3.20,7.51,75.7
3699,Business,1.59,6.25,76.1
3700,Business,4.83,7.97,67.6
3701,Business,38.29,5.81,67.5
3702,Psychology,0.89,8.99,87.1
3703,Psychology,29.18,3.47,59.1
3704,Business,1.46,5.92,71.8
3705,Psychology,1.56,5.78,79.4
3706,Psychology,0.25,7.63,84.1
3707,Psychology,6.63,6.93,83.2
3708,Business,40.00,7.33,59.0
3709,Business,4.33,5.99,82.5
3710,Business,3.32,6.91,45.5
3711,Psychology,2.63,9.90,92.5
3712,Business,6.79,6.83,75.4
3713,Psychology,18.86,8.59,72.6
3714,Business,5.38,5.80,72.0
3715,Business,3.53,7.57,72.5
3716,Business,12.81,7.30,63.5
3717,Business,6.69,9.14,68.5
3718,Business,19.54,9.60,82.9
3719,Business,1.56,6.84,72.6
3720,Psychology,15.64,6.59,66.0
3721,Psychology,17.86,4.56,63.6
3722,Business,7.13,6.59,100.0
3723,Business,11.63,6.54,63.7
3724,Business,2.37,6.28,65.3
3725,Business,5.98,5.58,59.2
3726,Psychology,1.18,7.38,47.8
3727,Business,0.23,6.91,65.4
3728,Psychology,1.01,4.80,67.3
3729,Psychology,4.24,9.95,73.8
3730,Business,2.73,7.90,79.1
3731,Business,0.39,7.00,85.8
3732,Psychology,1.03,8.01,100.0
3733,Business,17.79,7.54,61.3
3734,Psychology,9.22,4.66,83.6
3735,Psychology,2.82,7.15,71.5
3736,Psychology,2.68,7.85,82.5
3737,Psychology,2.00,7.89,71.8
3738,Psychology,4.56,8.05,59.1
3739,Business,30.42,7.22,74.0
3740,Business,14.47,7.85,68.2
3741,Business,24.76,6.96,60.9
3742,Psychology,14.24,6.60,56.6
3743,Psychology,13.98,5.91,83.4
3744,Psychology,11.08,8.13,64.6
3745,Psychology,4.99,6.82,64.2
3746,Business,40.00,6.66,74.3
3747,Business,3.95,7.53,58.4
3748,Psychology,9.43,6.92,88.5
3749,Psychology,0.10,7.79,95.1
3750,Business,40.00,5.40,75.8
3751,Psychology,19.92,5.01,69.3
3752,Business,22.67,5.90,68.0
3753,Business,1.07,6.57,72.1
3754,Psychology,14.36,7.83,65.8
3755,Psychology,26.92,6.63,62.1
3756,Psychology,10.46,8.09,70.7
3757,Business,0.86,7.02,79.7
3758,Psychology,4.67,8.20,85.9
3759,Business,5.73,8.28,82.1
3760,Business,37.02,5.68,72.0
3761,Business,4.70,6.61,57.9
3762,Business,17.42,5.84,77.0
3763,Psychology,0.23,6.28,68.7
3764,Business,13.99,6.73,77.8
3765,Business,4.52,7.99,79.3
3766,Psychology,19.45,8.31,71.4
3767,Psychology,8.75,6.73,87.3
3768,Business,40.00,6.29,49.9
3769,Psychology,22.11,6.43,72.9
3770,Psychology,0.81,7.24,72.4
3771,Psychology,7.96,5.63,72.5
3772,Business,26.96,6.75,60.5
3773,Psychology,6.43,8.08,75.1
3774,Business,9.40,6.19,74.5
3775,Business,0.72,6.25,78.0
3776,Psychology,8.98,8.00,80.0
3777,Business,40.00,5.68,59.2
3778,Psychology,5.16,6.85,81.7
3779,Psychology,2.62,6.70,63.4
3780,Business,2.78,5.24,99.8
3781,Psychology,18.77,7.13,80.9
3782,Business,17.97,6.80,54.3
3783,Business,23.56,5.76,47.2
3784,Business,0.69,7.66,93.3
3785,Psychology,5.48,5.83,74.6
3786,Psychology,24.32,5.52,43.7
3787,Business,5.45,6.97,78.3
3788,Business,1.01,9.19,83.3
3789,Psychology,22.17,7.26,76.7
3790,Psychology,12.80,6.95,68.1
3791,Business,2.16,7.62,87.4
3792,Business,0.81,8.01,87.2
3793,Psychology,9.76,6.94,63.9
3794,Psychology,4.77,6.79,70.5
3795,Psychology,16.76,7.81,71.6
3796,Business,1.61,8.24,76.6
3797,Psychology,4.91,7.52,88.4
3798,Business,0.51,6.73,57.6
3799,Business,16.18,6.02,77.0
3800,Psychology,15.63,8.78,67.0
3801,Psychology,2.52,6.43,74.7
3802,Psychology,35.68,4.20,68.9
3803,Business,0.05,9.17,97.0
3804,Psychology,5.26,5.18,65.4
3805,Psychology,9.76,5.48,71.9
3806,Business,22.43,6.08,59.5
3807,Business,14.92,6.93,74.1
3808,Business,6.08,7.11,96.7
3809,Psychology,1.59,6.91,73.1
3810,Psychology,20.33,7.31,48.3
3811,Business,5.10,8.31,70.9
3812,Psychology,5.73,6.22,80.6
3813,Psychology,13.03,7.06,76.2
3814,Psychology,37.79,5.07,43.5
3815,Business,2.56,7.27,81.8
3816,Psychology,16.15,7.68,72.8
3817,Business,1.77,7.59,86.0
3818,Business,3.29,7.99,69.0
3819,Psychology,8.81,7.46,70.5
3820,Business,5.28,9.11,73.7
3821,Business,17.04,7.01,86.1
3822,Business,8.84,4.82,93.8
3823,Psychology,8.83,7.52,68.8
3824,Psychology,12.89,6.81,64.6
3825,Psychology,3.90,6.98,76.6
3826,Business,0.58,6.33,82.0
3827,Business,7.58,5.84,90.3
3828,Business,1.79,7.44,71.4
3829,Psychology,21.90,6.40,72.3
3830,Business,2.27,5.84,73.5
3831,Business,1.25,7.30,64.8
3832,Psychology,7.81,6.70,73.8
3833,Business,12.70,6.68,73.3
3834,Psychology,22.87,7.53,81.0
3835,Business,1.23,6.57,78.0
3836,Business,8.88,6.59,78.8
3837,Business,3.54,6.02,86.2
3838,Psychology,3.38,8.18,84.4
3839,Business,29.12,6.98,65.0
3840,Psychology,25.06,6.73,46.8
3841,Business,7.37,7.80,65.5
3842,Psychology,14.66,6.65,75.9
3843,Psychology,7.01,9.06,82.1
3844,Business,33.41,5.86,60.5
3845,Business,39.95,7.44,74.6
3846,Business,2.98,6.89,70.9
3847,Psychology,4.07,4.87,74.1
3848,Business,5.47,7.02,55.8
3849,Business,13.27,5.72,85.7
3850,Psychology,23.76,3.90,66.8
3851,Psychology,27.51,7.03,80.9
3852,Business,38.47,5.48,62.3
3853,Business,3.41,8.89,85.5
3854,Business,1.63,7.14,73.3
3855,Psychology,0.19,7.56,82.7
3856,Psychology,3.47,6.47,58.1
3857,Business,4.52,6.99,75.5
3858,Psychology,3.85,6.84,80.0
3859,Psychology,1.96,7.27,68.3
3860,Psychology,5.49,6.50,90.1
3861,Business,21.15,7.07,53.4
3862,Psychology,20.50,4.91,85.6
3863,Psychology,7.01,6.91,85.1
3864,Psychology,2.79,6.77,85.9
3865,Business,10.71,4.71,71.1
3866,Psychology,10.68,6.12,54.7
3867,Psychology,9.90,5.24,67.8
3868,Business,21.68,5.52,77.4
3869,Business,21.58,5.84,65.4
3870,Psychology,16.00,6.04,85.1
3871,Business,1.90,7.80,77.1
3872,Business,3.22,7.35,60.3
3873,Psychology,40.00,7.53,59.4
3874,Business,19.45,5.95,59.0
3875,Psychology,29.34,3.95,69.4
3876,Business,1.99,8.90,82.4
3877,Business,5.68,8.34,89.0
3878,Business,2.25,6.72,84.4
3879,Psychology,8.08,6.16,69.9
3880,Business,3.20,7.06,92.8
3881,Business,3.18,6.13,74.2
3882,Business,13.18,6.97,67.5
3883,Psychology,2.84,6.79,94.1
3884,Psychology,7.17,7.13,66.4
3885,Psychology,0.36,6.09,87.1
3886,Business,6.09,7.34,81.5
3887,Psychology,16.98,5.82,79.1
3888,Business,9.84,6.66,80.4
3889,Business,9.30,7.90,65.6
3890,Business,3.02,6.40,82.0
3891,Psychology,7.55,6.48,46.7
3892,Psychology,11.91,7.11,87.4
3893,Business,10.73,6.79,80.1
3894,Psychology,7.29,6.97,74.9
3895,Psychology,2.68,6.13,88.0
3896,Business,6.80,8.30,79.7
3897,Business,1.00,6.35,59.5
3898,Psychology,0.39,5.91,96.8
3899,Business,10.98,5.23,48.0
3900,Psychology,18.08,7.80,81.4
3901,Psychology,14.08,6.24,74.9
3902,Business,1.99,9.02,84.7
3903,Psychology,1.62,7.11,83.5
3904,Business,6.47,8.66,76.1
3905,Business,0.22,9.00,75.3
3906,Psychology,40.00,5.26,35.8
3907,Psychology,14.50,7.18,80.4
3908,Psychology,22.45,5.57,46.1
3909,Psychology,1.63,5.69,71.6
3910,Psychology,19.84,8.25,83.6
3911,Business,16.04,4.59,62.8
3912,Business,9.47,6.32,74.0
3913,Psychology,0.84,8.14,76.2
3914,Business,1.51,6.09,79.9
3915,Business,2.28,7.58,67.0
3916,Psychology,19.06,6.74,79.9
3917,Business,1.27,4.63,78.5
3918,Business,8.41,6.03,61.2
3919,Business,0.06,8.60,84.7
3920,Business,11.23,7.99,67.7
3921,Business,11.99,7.55,61.4
3922,Psychology,4.33,7.42,79.6
3923,Business,5.47,9.19,89.2
3924,Business,2.14,7.13,46.0
3925,Business,10.71,5.52,80.5
3926,Psychology,2.94,7.35,73.7
3927,Business,21.04,7.53,68.0
3928,Business,0.77,7.31,71.8
3929,Business,1.61,7.33,95.3
3930,Business,30.19,8.24,71.0
3931,Business,7.53,8.53,77.4
3932,Psychology,31.04,5.81,67.7
3933,Psychology,0.92,8.96,99.0
3934,Business,3.86,8.11,84.9
3935,Psychology,8.02,7.18,72.6
3936,Business,3.18,5.26,88.9
3937,Psychology,17.53,6.47,56.9
3938,Psychology,31.71,7.14,78.1
3939,Business,6.74,7.12,77.2
3940,Business,17.96,6.63,83.8
3941,Psychology,30.02,6.09,52.1
3942,Business,2.97,5.51,74.0
3943,Business,0.83,5.91,82.0
3944,Psychology,9.39,6.65,80.2
3945,Business,2.11,7.67,72.8
3946,Business,1.63,7.56,75.8
3947,Business,6.09,7.70,71.8
3948,Business,2.78,6.73,56.1
3949,Psychology,4.71,8.17,91.3
3950,Business,0.26,6.05,89.8
3951,Business,2.62,6.21,75.3
3952,Business,3.24,8.86,78.9
3953,Business,13.18,5.97,84.9
3954,Psychology,2.29,5.32,78.5
3955,Business,40.00,5.88,59.1
3956,Psychology,16.85,7.18,68.4
3957,Business,5.59,5.45,67.2
3958,Business,8.75,5.75,74.7
3959,Business,9.25,6.71,78.1
3960,Business,3.62,7.59,100.0
3961,Business,0.26,6.46,59.0
3962,Psychology,26.09,6.41,51.0
3963,Business,5.97,9.22,85.5
3964,Business,18.87,6.07,61.2
3965,Psychology,0.80,7.10,91.3
3966,Psychology,19.72,7.06,80.7
3967,Business,32.41,5.80,67.7
3968,Business,0.10,8.78,79.5
3969,Psychology,8.32,8.62,84.9
3970,Psychology,22.91,6.43,78.8
3971,Psychology,4.57,5.61,61.1
3972,Business,0.52,7.91,76.4
3973,Psychology,18.81,7.84,87.1
3974,Business,29.90,5.54,57.9
3975,Psychology,9.45,6.66,71.0
3976,Psychology,0.98,7.01,80.6
3977,Psychology,40.00,6.46,63.9
3978,Psychology,40.00,6.97,51.9
3979,Psychology,0.05,4.60,65.2
3980,Psychology,31.51,5.95,73.2
3981,Business,37.18,4.92,58.7
3982,Business,16.72,6.80,59.6
3983,Business,11.68,6.13,75.7
3984,Business,3.67,7.87,86.0
3985,Psychology,6.36,7.21,71.0
3986,Business,0.40,8.34,85.9
3987,Business,7.26,5.11,68.0
3988,Psychology,7.89,8.29,78.9
3989,Business,5.64,7.11,81.5
3990,Business,1.25,7.91,77.1
3991,Psychology,40.00,5.34,51.6
3992,Psychology,1.62,7.03,73.2
3993,Psychology,15.97,5.40,68.7
3994,Business,3.95,8.31,91.7
3995,Business,40.00,4.70,57.9
3996,Psychology,10.03,8.26,81.5
3997,Business,4.13,8.95,76.2
3998,Business,22.91,7.50,67.1
3999,Psychology,16.66,5.08,69.0
4000,Business,29.12,6.44,57.6
4001,Psychology,5.07,6.70,46.4
4002,Psychology,7.86,6.83,75.9
4003,Psychology,2.83,8.53,56.1
4004,Psychology,29.03,6.40,62.9
4005,Psychology,23.93,6.59,82.2
4006,Psychology,0.03,9.23,80.6
4007,Psychology,10.89,6.22,86.3
4008,Business,8.26,7.61,91.2
4009,Business,34.34,6.19,55.4
4010,Psychology,3.52,6.86,60.9
4011,Business,7.56,5.83,89.8
4012,Business,1.65,7.83,95.2
4013,Psychology,6.44,7.14,100.0
4014,Business,15.45,6.53,72.2
4015,Psychology,5.27,7.41,82.6
4016,Psychology,22.26,8.16,78.9
4017,Psychology,0.20,8.92,85.9
4018,Business,11.04,5.67,85.2
4019,Psychology,18.45,7.02,67.3
4020,Psychology,0.60,7.04,74.0
4021,Business,3.66,5.13,80.6
4022,Business,3.15,8.71,72.1
4023,Business,0.65,7.49,87.9
4024,Business,11.34,6.90,60.8
4025,Business,10.91,7.29,71.8
4026,Psychology,1.54,7.70,74.4
4027,Psychology,23.15,6.53,53.0
4028,Business,40.00,6.71,74.5
4029,Business,1.93,6.59,74.1
4030,Psychology,9.79,8.28,79.0
4031,Business,0.49,6.02,77.4
4032,Psychology,4.88,7.62,72.8
4033,Psychology,13.39,6.72,84.3
4034,Psychology,1.78,6.65,82.0
4035,Psychology,4.58,5.17,61.6
4036,Psychology,3.47,6.61,77.1
4037,Business,12.95,6.13,68.9
4038,Psychology,17.93,7.87,74.5
4039,Business,1.99,4.93,60.3
4040,Business,3.88,6.29,83.5
4041,Psychology,40.00,7.29,76.1
4042,Psychology,0.16,6.92,65.6
4043,Business,16.33,7.58,89.0
4044,Psychology,1.69,5.67,91.9
4045,Psychology,27.12,5.05,61.8
4046,Business,28.50,6.06,82.5
4047,Business,4.92,7.44,82.7
4048,Business,23.00,8.07,81.0
4049,Business,8.47,6.77,79.0
4050,Psychology,15.42,6.11,74.1
4051,Business,12.04,6.46,85.2
4052,Psychology,0.68,7.41,92.5
4053,Business,2.71,8.07,88.9
4054,Business,34.03,4.16,69.5
4055,Psychology,7.47,7.70,84.6
4056,Psychology,9.52,7.65,80.8
4057,Psychology,12.89,5.97,76.3
4058,Business,8.64,6.26,75.7
4059,Psychology,10.92,6.78,62.9
4060,Psychology,10.92,8.45,80.2
4061,Psychology,10.16,5.16,78.4
4062,Business,17.81,6.49,71.3
4063,Business,2.50,5.83,81.3
4064,Business,1.49,5.42,75.0
4065,Business,1.10,7.94,74.0
4066,Psychology,39.93,3.49,38.0
4067,Business,4.51,4.76,74.2
4068,Business,3.68,7.00,88.9
4069,Psychology,14.74,6.66,70.3
4070,Psychology,2.59,6.66,78.1
4071,Business,3.82,8.67,61.0
4072,Business,5.72,8.18,69.6
4073,Psychology,15.07,7.51,68.7
4074,Psychology,18.03,5.94,53.2
4075,Psychology,1.26,8.19,100.0
4076,Business,5.08,6.32,62.9
4077,Psychology,16.92,4.35,68.4
4078,Business,2.84,5.74,91.4
4079,Business,26.43,7.49,87.8
4080,Business,1.09,6.75,99.3
4081,Psychology,36.04,6.34,50.6
4082,Psychology,21.88,6.09,67.9
4083,Psychology,21.66,5.74,67.0
4084,Business,10.44,5.66,71.1
4085,Business,19.45,4.41,56.9
4086,Business,6.34,6.48,77.2
4087,Psychology,40.00,7.23,49.8
4088,Business,2.11,8.37,96.2
4089,Psychology,4.35,6.40,77.5
4090,Business,4.35,6.44,59.3
4091,Business,5.56,5.70,65.3
4092,Psychology,1.70,8.86,86.8
4093,Psychology,12.75,3.92,71.4
4094,Business,7.95,6.20,75.8
4095,Psychology,5.69,7.36,80.8
4096,Psychology,1.31,6.37,68.6
4097,Business,9.17,6.61,88.6
4098,Psychology,16.02,6.56,64.0
4099,Business,6.91,7.29,87.6
4100,Psychology,7.53,7.40,78.1
4101,Psychology,11.02,7.20,69.8
4102,Psychology,4.19,7.92,72.8
4103,Business,2.07,9.01,84.8
4104,Business,39.04,9.70,82.9
4105,Psychology,29.45,5.14,47.7
4106,Business,16.08,5.55,60.5
4107,Business,2.01,7.75,60.3
4108,Psychology,0.36,7.88,95.4
4109,Business,13.64,8.37,58.8
4110,Psychology,4.89,7.99,84.2
4111,Psychology,11.42,7.91,72.1
4112,Business,5.14,7.02,80.1
4113,Business,7.07,5.77,74.4
4114,Psychology,4.26,7.33,83.8
4115,Psychology,2.13,6.55,98.0
4116,Business,1.26,6.17,84.3
4117,Psychology,10.27,6.84,66.6
4118,Psychology,3.01,5.21,61.3
4119,Psychology,2.26,7.19,93.5
4120,Business,34.80,6.05,49.8
4121,Business,5.30,8.52,84.5
4122,Business,13.28,4.98,82.6
4123,Business,9.37,7.64,67.1
4124,Business,29.72,6.67,63.5
4125,Psychology,27.59,7.37,82.8
4126,Business,8.10,7.47,84.1
4127,Business,5.34,7.27,75.2
4128,Business,11.03,8.24,76.3
4129,Business,4.53,8.97,93.3
4130,Psychology,2.15,4.76,77.4
4131,Psychology,23.32,4.94,72.3
4132,Psychology,0.67,6.55,77.7
4133,Psychology,11.84,7.47,76.8
4134,Business,23.74,6.42,59.9
4135,Psychology,3.82,6.36,61.6
4136,Psychology,4.08,7.44,64.6
4137,Psychology,40.00,5.03,68.9
4138,Business,0.44,5.45,77.6
4139,Business,26.05,7.44,82.8
4140,Psychology,0.48,5.92,73.7
4141,Psychology,18.12,4.86,58.5
4142,Psychology,10.08,8.01,87.2
4143,Business,2.79,6.74,80.5
4144,Psychology,19.19,7.18,48.2
4145,Psychology,5.05,8.69,70.7
4146,Psychology,40.00,6.26,50.5
4147,Business,2.47,9.32,79.8
4148,Psychology,0.89,5.96,88.5
4149,Business,5.42,6.67,90.6
4150,Psychology,8.01,9.20,80.7
4151,Psychology,7.07,7.37,88.7
4152,Psychology,15.73,7.68,71.6
4153,Psychology,0.46,5.91,79.4
4154,Psychology,4.10,6.84,80.4
4155,Business,11.70,6.16,71.1
4156,Business,1.68,7.74,83.3
4157,Business,16.44,6.49,68.0
4158,Psychology,40.00,5.31,79.6
4159,Business,24.77,4.11,48.9
4160,Business,4.94,6.01,72.3
4161,Psychology,8.69,4.90,57.2
4162,Business,8.06,6.89,77.6
4163,Business,1.68,8.57,78.7
4164,Business,3.41,9.13,79.5
4165,Business,2.95,6.95,61.2
4166,Psychology,9.00,6.80,66.3
4167,Business,12.93,7.35,74.7
4168,Psychology,18.26,5.77,45.7
4169,Psychology,29.54,6.99,83.0
4170,Psychology,26.48,6.65,56.9
4171,Psychology,10.58,7.09,65.4
4172,Psychology,1.65,6.59,81.8
4173,Business,4.17,7.36,73.0
4174,Psychology,1.47,7.63,92.8
4175,Psychology,8.44,5.87,82.1
4176,Psychology,9.02,7.47,74.9
4177,Psychology,3.19,6.52,87.8
4178,Business,10.90,7.15,82.6
4179,Business,2.59,6.11,75.9
4180,Psychology,3.55,7.49,88.7
4181,Business,11.57,6.23,60.8
4182,Business,2.42,8.03,82.7
4183,Psychology,9.74,8.05,71.8
4184,Business,7.22,8.83,78.6
4185,Business,15.76,7.54,59.5
4186,Business,8.39,5.60,67.3
4187,Business,27.83,7.60,59.4
4188,Business,1.98,8.54,69.6
4189,Psychology,15.40,7.97,75.0
4190,Psychology,4.82,7.47,72.6
4191,Business,9.94,8.64,68.2
4192,Psychology,1.83,7.76,80.6
4193,Psychology,21.01,6.29,61.2
4194,Business,18.71,7.08,76.4
4195,Business,2.66,5.67,71.2
4196,Business,10.12,8.33,100.0
4197,Business,28.43,5.35,42.2
4198,Business,13.26,6.86,89.5
4199,Business,17.69,7.97,52.7
4200,Psychology,1.14,6.22,65.3
4201,Business,7.88,5.00,68.6
4202,Business,0.19,10.37,73.6
4203,Psychology,5.23,7.80,100.0
4204,Business,8.03,6.71,70.7
4205,Psychology,3.45,8.12,91.4
4206,Psychology,16.46,5.32,66.7
4207,Psychology,20.16,7.05,80.0
4208,Business,5.73,6.46,69.7
4209,Business,5.39,8.12,94.6
4210,Business,13.90,7.45,61.2
4211,Psychology,2.93,7.04,74.9
4212,Business,13.92,9.44,78.6
4213,Psychology,13.53,8.94,64.9
4214,Psychology,1.15,6.54,88.8
4215,Business,9.08,6.99,74.7
4216,Business,31.84,6.38,61.8
4217,Psychology,4.18,8.08,82.1
4218,Business,5.93,6.31,76.8
4219,Business,3.71,6.67,61.0
4220,Psychology,7.32,7.79,92.5
4221,Business,8.77,7.75,65.7
4222,Business,0.14,8.13,63.6
4223,Business,9.89,7.02,77.1
4224,Business,5.46,7.21,77.2
4225,Business,21.45,5.89,68.7
4226,Psychology,6.22,7.36,89.8
4227,Psychology,29.52,7.20,52.1
4228,Business,6.99,7.03,57.4
4229,Business,10.94,6.08,59.9
4230,Business,7.17,6.88,67.5
4231,Psychology,12.19,4.25,80.1
4232,Business,0.69,8.28,73.7
4233,Psychology,4.36,8.25,80.6
4234,Psychology,10.41,8.24,65.5
4235,Psychology,4.45,7.93,100.0
4236,Psychology,1.38,7.78,75.9
4237,Psychology,11.44,6.94,63.6
4238,Psychology,8.61,6.88,78.4
4239,Psychology,6.37,4.90,67.6
4240,Business,7.01,7.25,100.0
4241,Psychology,40.00,5.51,56.3
4242,Psychology,10.53,6.96,93.1
4243,Psychology,26.19,6.58,60.6
4244,Business,13.05,6.13,98.7
4245,Psychology,5.41,6.92,92.6
4246,Business,6.20,6.08,82.9
4247,Business,11.94,6.98,83.5
4248,Business,5.70,6.59,66.5
4249,Business,4.65,7.36,61.6
4250,Business,5.32,9.90,76.4
4251,Psychology,6.34,7.76,91.1
4252,Psychology,4.21,8.20,74.0
4253,Business,6.84,5.94,54.9
4254,Business,18.65,5.17,55.9
4255,Psychology,3.02,8.04,90.0
4256,Psychology,1.53,6.69,71.0
4257,Psychology,1.87,7.54,78.3
4258,Psychology,2.36,6.59,77.5
4259,Psychology,1.43,8.30,92.2
4260,Psychology,7.46,7.51,78.5
4261,Psychology,40.00,7.38,77.7
4262,Psychology,21.92,6.20,74.2
4263,Psychology,12.46,5.58,66.4
4264,Psychology,0.06,8.92,73.4
4265,Business,5.84,8.34,79.6
4266,Business,3.14,7.05,64.6
4267,Psychology,20.73,6.65,60.9
4268,Psychology,0.72,8.43,80.5
4269,Psychology,9.81,7.46,71.4
4270,Business,8.19,8.74,94.9
4271,Business,4.45,6.18,63.8
4272,Psychology,7.22,7.18,50.7
4273,Business,40.00,5.93,61.3
4274,Business,0.84,7.25,81.6
4275,Psychology,0.04,7.17,95.6
4276,Business,7.07,9.13,84.0
4277,Psychology,9.23,6.30,75.8
4278,Business,3.51,7.28,88.9
4279,Psychology,0.52,5.63,76.6
4280,Business,24.42,7.18,47.9
4281,Psychology,2.80,7.47,75.1
4282,Business,0.19,8.63,77.1
4283,Business,5.51,6.30,63.4
4284,Psychology,13.07,8.03,69.0
4285,Psychology,18.13,5.01,53.5
4286,Psychology,5.48,6.55,67.8
4287,Business,23.85,8.55,76.5
4288,Business,20.15,6.47,57.3
4289,Psychology,11.73,7.13,85.6
4290,Business,40.00,4.83,56.0
4291,Business,1.40,6.98,78.2
4292,Psychology,4.78,5.72,56.4
4293,Business,0.77,6.45,81.5
4294,Business,13.31,6.74,77.0
4295,Business,3.50,5.66,73.1
4296,Business,12.12,6.83,79.9
4297,Psychology,1.22,7.36,80.5
4298,Psychology,12.00,8.33,80.7
4299,Psychology,38.17,5.79,56.2
4300,Psychology,16.42,8.45,69.2
4301,Psychology,0.72,6.67,75.1
4302,Business,8.96,6.42,76.7
4303,Business,4.88,8.99,76.8
4304,Psychology,27.80,7.27,61.4
4305,Business,40.00,7.64,68.0
4306,Business,6.16,6.61,68.7
4307,Psychology,15.11,6.34,82.0
4308,Psychology,34.64,7.04,64.1
4309,Business,1.43,6.80,57.9
4310,Psychology,9.60,7.64,70.1
4311,Psychology,2.95,6.32,75.4
4312,Business,18.03,6.51,64.4
4313,Business,9.26,6.65,90.2
4314,Psychology,29.90,7.67,53.5
4315,Business,8.40,8.19,73.7
4316,Business,0.50,7.04,87.9
4317,Psychology,8.51,6.05,66.9
4318,Business,10.36,7.98,51.0
4319,Business,18.54,8.15,87.4
4320,Psychology,24.96,5.65,72.0
4321,Business,1.30,7.16,68.5
4322,Business,33.02,5.93,67.7
4323,Psychology,35.76,7.76,50.3
4324,Psychology,26.63,5.53,64.8
4325,Business,5.84,7.62,56.9
4326,Business,4.04,6.77,96.1
4327,Psychology,4.62,7.22,88.6
4328,Business,0.78,8.56,94.9
4329,Psychology,3.43,6.34,76.4
4330,Psychology,0.69,7.08,75.4
4331,Business,3.05,7.63,88.0
4332,Psychology,13.65,5.78,56.5
4333,Psychology,25.84,6.75,68.0
4334,Psychology,2.16,9.15,100.0
4335,Psychology,24.37,5.45,61.5
4336,Business,28.52,8.33,46.4
4337,Psychology,3.81,5.96,63.6
4338,Business,1.99,8.97,68.9
4339,Psychology,3.91,9.40,79.4
4340,Business,2.03,8.56,62.1
4341,Business,12.06,7.17,67.6
4342,Business,19.10,5.17,81.6
4343,Psychology,35.95,5.78,60.4
4344,Business,16.07,6.51,71.0
4345,Business,40.00,6.32,72.3
4346,Psychology,7.73,7.90,76.8
4347,Business,3.89,6.09,93.4
4348,Business,2.86,7.56,73.2
4349,Psychology,14.82,7.57,62.6
4350,Psychology,0.19,5.52,63.1
4351,Business,16.66,8.09,74.4
4352,Psychology,3.21,6.83,80.8
4353,Business,7.04,6.58,55.7
4354,Business,10.03,4.49,74.5
4355,Psychology,29.57,5.80,63.7
4356,Psychology,40.00,4.89,64.2
4357,Business,9.89,5.56,63.9
4358,Business,15.26,6.76,78.7
4359,Business,20.06,7.02,68.5
4360,Psychology,11.44,5.93,65.2
4361,Business,3.86,7.76,64.5
4362,Psychology,11.61,5.08,61.8
4363,Psychology,6.11,7.54,78.7
4364,Psychology,6.73,6.42,71.2
4365,Business,7.16,5.84,68.0
4366,Psychology,4.35,6.55,60.5
4367,Business,2.49,8.46,68.8
4368,Business,5.63,8.23,68.4
4369,Business,1.16,6.92,61.7
4370,Business,40.00,7.36,75.6
4371,Business,8.72,6.73,52.9
4372,Business,4.32,7.57,72.1
4373,Business,10.77,8.07,66.9
4374,Psychology,3.06,8.92,69.0
4375,Business,15.75,8.27,66.5
4376,Business,15.04,5.79,76.5
4377,Psychology,2.94,6.88,60.7
4378,Psychology,0.49,6.19,84.3
4379,Psychology,8.98,6.07,59.7
4380,Business,40.00,6.43,45.7
4381,Business,0.88,8.52,69.3
4382,Business,12.21,8.61,80.6
4383,Business,26.83,6.30,69.1
4384,Psychology,8.17,6.71,94.3
4385,Psychology,26.39,5.83,69.5
4386,Business,9.86,8.18,86.3
4387,Business,11.49,4.48,74.1
4388,Business,10.42,6.51,93.0
4389,Business,34.30,6.31,65.8
4390,Business,3.54,8.34,73.7
4391,Psychology,0.53,7.30,76.6
4392,Psychology,8.24,6.51,74.5
4393,Psychology,5.98,6.61,67.8
4394,Psychology,12.82,6.11,60.8
4395,Psychology,7.82,6.21,87.2
4396,Business,6.24,6.43,100.0
4397,Business,5.32,7.16,53.4
4398,Business,4.53,6.92,76.1
4399,Business,17.48,5.46,74.3
4400,Psychology,10.00,6.64,81.1
4401,Psychology,14.66,6.29,73.8
4402,Psychology,18.68,7.18,50.0
4403,Business,2.19,8.19,76.7
4404,Psychology,15.63,6.53,78.7
4405,Psychology,0.94,7.41,62.9
4406,Business,15.49,5.18,64.4
4407,Business,2.67,6.01,53.5
4408,Business,13.22,6.27,76.0
4409,Psychology,9.13,7.76,74.8
4410,Business,8.09,6.09,79.1
4411,Psychology,0.02,7.44,78.1
4412,Business,5.71,5.31,83.6
4413,Psychology,7.83,8.33,84.4
4414,Business,25.73,5.31,64.3
4415,Business,13.63,8.60,74.0
4416,Psychology,20.32,5.75,55.3
4417,Psychology,6.70,6.04,64.7
4418,Business,11.18,6.79,87.0
4419,Business,12.70,6.54,59.4
4420,Business,13.36,5.84,73.0
4421,Psychology,1.33,7.45,82.7
4422,Psychology,6.25,6.64,79.8
4423,Psychology,39.74,4.84,48.9
4424,Business,14.33,6.60,72.3
4425,Psychology,8.33,7.72,58.3
4426,Business,3.86,7.72,75.2
4427,Psychology,9.51,7.81,80.5
4428,Psychology,5.88,7.99,70.8
4429,Business,10.58,5.29,65.6
4430,Business,3.58,6.32,100.0
4431,Psychology,15.55,8.97,64.6
4432,Business,25.95,5.55,81.6
4433,Business,6.77,7.10,63.7
4434,Psychology,10.82,5.69,88.3
4435,Psychology,16.50,7.86,71.4
4436,Psychology,2.93,6.03,55.0
4437,Business,20.89,7.95,70.8
4438,Psychology,21.98,7.20,73.1
4439,Psychology,18.10,6.52,89.2
4440,Psychology,7.25,6.00,46.4
4441,Psychology,1.25,7.93,65.7
4442,Business,9.23,6.90,66.6
4443,Business,23.85,8.35,71.1
4444,Business,5.00,7.59,50.7
4445,Business,2.30,4.40,76.7
4446,Business,30.02,6.23,86.5
4447,Psychology,20.93,6.37,67.7
4448,Business,4.01,8.14,100.0
4449,Psychology,3.77,6.17,77.7
4450,Business,26.29,7.44,63.7
4451,Psychology,0.10,9.26,83.9
4452,Business,1.78,8.97,68.8
4453,Business,36.49,6.30,63.3
4454,Psychology,4.39,6.65,54.0
4455,Business,10.95,5.26,81.9
4456,Psychology,4.74,6.06,60.9
4457,Psychology,2.28,8.48,84.6
4458,Psychology,2.31,3.25,64.5
4459,Business,17.91,9.08,55.6
4460,Business,7.77,7.29,71.6
4461,Psychology,1.82,7.31,90.5
4462,Psychology,3.92,5.77,81.2
4463,Business,5.15,5.99,92.5
4464,Business,21.11,5.99,81.0
4465,Business,12.67,8.67,62.4
4466,Business,0.37,6.45,86.4
4467,Business,16.52,7.02,78.4
4468,Psychology,40.00,6.97,80.9
4469,Psychology,2.93,7.45,80.9
4470,Psychology,18.05,6.88,79.0
4471,Business,8.77,4.47,78.5
4472,Business,9.41,6.50,79.1
4473,Psychology,0.32,9.40,93.1
4474,Business,0.51,7.42,94.4
4475,Business,4.58,8.71,71.0
4476,Psychology,23.76,5.79,49.9
4477,Business,18.43,6.02,82.9
4478,Psychology,16.02,8.56,65.5
4479,Psychology,7.25,6.53,72.4
4480,Psychology,29.82,7.29,71.0
4481,Psychology,7.39,7.78,78.0
4482,Business,0.39,5.77,75.0
4483,Psychology,10.67,8.68,69.6
4484,Business,6.55,6.53,73.7
4485,Psychology,12.60,6.96,60.5
4486,Psychology,40.00,6.00,65.3
4487,Business,10.43,7.76,73.9
4488,Psychology,5.98,6.64,79.7
4489,Business,11.26,6.60,79.7
4490,Psychology,4.38,8.10,79.4
4491,Business,15.74,6.25,59.8
4492,Business,1.38,5.82,74.7
4493,Psychology,14.52,6.91,61.9
4494,Business,2.06,7.72,81.2
4495,Psychology,24.79,5.06,75.6
4496,Business,0.70,6.32,80.0
4497,Business,39.84,6.65,58.8
4498,Business,12.01,7.13,72.7
4499,Business,1.92,7.03,78.3
4500,Business,3.90,5.53,77.3
4501,Business,40.00,6.98,69.1
4502,Psychology,13.43,7.13,81.3
4503,Psychology,13.10,5.99,61.5
4504,Business,31.78,3.61,72.5
4505,Psychology,17.51,5.06,46.4
4506,Psychology,2.14,8.05,85.0
4507,Psychology,2.30,7.33,88.0
4508,Business,10.34,7.88,69.9
4509,Psychology,26.63,5.60,72.2
4510,Psychology,3.34,7.40,66.8
4511,Business,12.30,7.35,94.9
4512,Psychology,1.47,6.89,74.9
4513,Psychology,5.07,7.08,61.9
4514,Business,14.18,7.22,47.8
4515,Business,35.58,5.90,62.1
4516,Psychology,10.31,8.32,72.4
4517,Business,1.31,6.80,82.2
4518,Psychology,15.14,7.30,80.3
4519,Psychology,2.70,7.16,80.4
4520,Business,3.59,7.04,68.6
4521,Business,12.26,7.24,97.2
4522,Psychology,24.49,7.12,74.5
4523,Psychology,9.05,6.02,91.8
4524,Psychology,0.37,7.68,98.2
4525,Business,8.10,7.94,63.6
4526,Business,3.70,6.07,93.8
4527,Psychology,10.05,6.73,79.0
4528,Psychology,20.34,7.28,63.7
4529,Psychology,40.00,5.86,61.4
4530,Business,4.31,7.94,77.2
4531,Business,3.11,6.48,77.4
4532,Psychology,37.48,7.44,44.3
4533,Psychology,2.46,8.49,81.4
4534,Psychology,3.96,4.71,64.7
4535,Business,14.79,7.13,78.1
4536,Psychology,8.77,8.36,89.2
4537,Psychology,10.35,7.29,88.4
4538,Psychology,23.42,6.81,80.8
4539,Business,18.35,7.43,85.3
4540,Psychology,17.10,5.68,73.7
4541,Business,9.54,6.58,77.7
4542,Psychology,9.79,8.99,74.3
4543,Psychology,19.78,7.14,75.0
4544,Psychology,6.44,7.59,83.4
4545,Psychology,3.76,7.37,76.6
4546,Psychology,1.43,8.36,86.3
4547,Business,6.64,8.29,87.5
4548,Business,3.35,8.60,91.5
4549,Psychology,3.29,8.54,90.8
4550,Business,4.16,8.99,72.9
4551,Business,40.00,6.85,76.7
4552,Business,13.64,6.78,93.3
4553,Business,12.03,7.95,69.8
4554,Business,25.26,8.19,79.9
4555,Business,0.04,7.76,81.1
4556,Psychology,10.41,5.12,78.4
4557,Psychology,6.00,5.40,86.9
4558,Psychology,4.76,5.51,74.4
4559,Psychology,1.30,7.07,78.7
4560,Psychology,19.05,5.86,58.5
4561,Business,16.81,6.02,75.8
4562,Psychology,5.90,5.35,68.0
4563,Business,15.27,6.99,59.8
4564,Business,7.14,7.78,77.1
4565,Business,4.20,7.84,67.3
4566,Business,9.85,6.41,66.4
4567,Psychology,2.30,7.31,62.7
4568,Psychology,4.10,8.04,77.7
4569,Business,2.41,7.27,82.4
4570,Business,28.52,6.54,64.9
4571,Psychology,6.10,8.19,52.2
4572,Psychology,1.62,7.47,77.5
4573,Psychology,1.91,7.22,72.4
4574,Business,6.58,7.35,80.8
4575,Psychology,18.89,6.81,70.8
4576,Psychology,2.47,8.40,73.9
4577,Psychology,8.80,5.44,71.4
4578,Psychology,20.47,6.01,57.2
4579,Business,0.70,6.79,77.8
4580,Psychology,10.64,6.34,74.0
4581,Business,12.53,6.46,74.6
4582,Business,7.78,7.63,92.9
4583,Business,5.18,7.48,78.7
4584,Business,19.37,7.40,65.6
4585,Psychology,15.67,6.65,69.5
4586,Psychology,18.08,6.54,54.6
4587,Business,0.29,8.64,70.9
4588,Psychology,5.53,8.06,80.9
4589,Business,2.45,7.25,72.7
4590,Psychology,19.41,6.93,68.3
4591,Psychology,12.80,6.40,71.2
4592,Psychology,11.97,6.07,62.0
4593,Psychology,3.04,6.60,56.3
4594,Psychology,5.84,7.30,77.7
4595,Psychology,16.13,7.34,68.1
4596,Psychology,11.90,7.55,84.2
4597,Psychology,3.71,5.56,69.6
4598,Psychology,12.77,5.97,78.3
4599,Psychology,15.94,7.44,72.5
4600,Business,30.86,5.15,50.8
4601,Psychology,29.63,7.26,82.7
4602,Psychology,7.49,9.56,79.6
4603,Psychology,1.10,7.48,64.0
4604,Psychology,6.11,7.90,76.9
4605,Business,2.86,5.23,77.4
4606,Business,14.56,5.92,67.2
4607,Psychology,6.32,5.48,56.4
4608,Psychology,17.78,5.14,80.6
4609,Business,38.41,5.67,58.9
4610,Business,1.57,5.65,79.0
4611,Business,11.37,5.21,70.5
4612,Psychology,35.64,6.33,61.1
4613,Business,7.10,6.59,87.5
4614,Business,20.45,5.80,86.2
4615,Business,16.62,7.43,66.9
4616,Business,12.63,6.23,60.3
4617,Business,0.33,7.13,100.0
4618,Business,26.24,6.69,54.0
4619,Business,4.22,4.75,69.7
4620,Business,25.61,5.34,64.8
4621,Business,16.24,6.33,62.6
4622,Business,2.44,4.90,82.8
4623,Business,6.22,5.80,78.8
4624,Psychology,6.58,6.53,79.1
4625,Psychology,23.15,8.17,81.3
4626,Business,15.89,7.61,75.6
4627,Psychology,5.08,5.93,84.3
4628,Business,7.29,5.42,68.6
4629,Business,10.03,8.20,63.9
4630,Psychology,14.04,7.61,67.7
4631,Psychology,4.34,7.75,92.1
4632,Business,35.57,4.66,60.9
4633,Psychology,32.57,7.20,62.7
4634,Psychology,10.15,7.06,79.7
4635,Psychology,21.16,7.19,53.7
4636,Business,14.67,8.04,62.1
4637,Psychology,29.36,7.21,60.7
4638,Psychology,21.95,5.67,61.1
4639,Business,11.18,7.09,67.8
4640,Psychology,12.97,7.73,77.4
4641,Psychology,8.30,6.15,86.3
4642,Business,0.27,5.61,93.6
4643,Psychology,10.66,6.15,92.1
4644,Psychology,16.13,6.40,77.6
4645,Business,20.70,5.84,80.2
4646,Business,2.30,7.48,88.5
4647,Business,40.00,4.48,58.1
4648,Psychology,0.88,9.37,100.0
4649,Psychology,10.45,5.48,65.8
4650,Psychology,2.93,7.70,73.1
4651,Psychology,11.66,8.03,66.5
4652,Psychology,28.59,7.86,69.5
4653,Psychology,1.79,7.57,74.8
4654,Business,0.11,6.95,82.2
4655,Psychology,10.40,7.02,77.2
4656,Psychology,1.88,8.26,91.5
4657,Psychology,11.04,6.13,70.5
4658,Psychology,21.93,6.25,64.2
4659,Psychology,10.75,8.10,83.9
4660,Business,6.67,6.26,76.3
4661,Business,3.58,8.05,71.9
4662,Psychology,4.81,7.89,72.2
4663,Business,4.92,6.22,70.1
4664,Business,3.93,8.77,88.1
4665,Psychology,4.17,6.28,86.0
4666,Psychology,9.19,9.39,74.2
4667,Psychology,5.69,6.77,67.1
4668,Psychology,22.62,6.88,55.3
4669,Business,22.12,4.96,59.3
4670,Psychology,13.67,4.57,62.2
4671,Business,30.13,5.78,66.1
4672,Business,1.55,9.28,83.6
4673,Psychology,19.45,5.67,59.3
4674,Psychology,6.83,8.47,100.0
4675,Psychology,3.65,7.46,94.8
4676,Business,12.47,7.78,72.5
4677,Business,0.71,5.19,78.5
4678,Psychology,1.80,6.32,75.7
4679,Business,37.41,4.76,47.4
4680,Business,6.51,5.66,70.4
4681,Psychology,15.14,5.76,69.8
4682,Psychology,26.72,7.94,70.3
4683,Business,1.18,7.90,74.5
4684,Business,2.37,6.57,79.5
4685,Psychology,19.29,3.94,65.1
4686,Psychology,5.01,5.64,68.5
4687,Business,6.94,5.20,55.3
4688,Psychology,0.28,6.69,82.6
4689,Business,28.63,3.74,44.7
4690,Psychology,14.76,5.90,51.9
4691,Business,30.71,5.09,56.9
4692,Psychology,1.64,6.98,91.8
4693,Psychology,1.59,6.59,77.4
4694,Business,35.23,5.82,54.3
4695,Business,3.57,8.34,83.9
4696,Business,8.28,7.60,83.5
4697,Business,8.33,6.07,71.1
4698,Psychology,0.20,7.89,77.4
4699,Business,40.00,6.24,67.2
4700,Psychology,32.31,6.25,76.4
4701,Psychology,5.00,6.34,72.2
4702,Business,40.00,5.04,39.0
4703,Business,3.52,7.66,93.3
4704,Psychology,12.95,9.28,98.0
4705,Business,15.23,8.27,83.3
4706,Psychology,1.90,7.34,76.9
4707,Business,11.91,5.25,78.7
4708,Psychology,0.84,7.65,59.9
4709,Psychology,22.41,5.81,74.3
4710,Business,16.11,5.91,76.7
4711,Psychology,39.92,6.95,57.2
4712,Business,3.36,7.93,72.4
4713,Business,4.69,5.87,81.3
4714,Psychology,4.17,8.81,83.1
4715,Psychology,10.92,6.79,67.0
4716,Business,10.73,6.40,83.5
4717,Psychology,0.59,6.21,80.5
4718,Psychology,8.73,5.96,71.0
4719,Psychology,9.41,8.27,99.9
4720,Psychology,9.54,7.42,82.4
4721,Business,6.67,7.31,68.5
4722,Business,11.16,6.57,88.1
4723,Business,8.79,6.18,80.9
4724,Business,2.35,6.65,75.1
4725,Psychology,40.00,5.19,61.0
4726,Business,18.52,7.17,51.9
4727,Psychology,5.17,5.64,71.4
4728,Business,4.34,6.84,68.5
4729,Psychology,28.32,6.88,64.2
4730,Business,1.76,6.63,83.4
4731,Business,11.14,4.59,57.2
4732,Psychology,10.32,6.14,95.2
4733,Psychology,1.60,7.75,74.6
4734,Business,37.64,4.68,59.5
4735,Business,19.98,9.74,64.5
4736,Business,1.62,7.00,69.3
4737,Business,0.96,6.02,80.7
4738,Business,2.48,7.35,82.4
4739,Psychology,40.00,5.70,42.5
4740,Business,3.86,8.38,73.6
4741,Business,2.54,6.82,80.5
4742,Psychology,0.28,5.85,87.0
4743,Business,16.41,7.35,95.6
4744,Business,2.45,5.93,62.2
4745,Psychology,4.55,6.07,54.6
4746,Psychology,11.83,7.86,59.6
4747,Business,11.01,5.99,89.5
4748,Business,10.22,8.16,88.9
4749,Business,22.54,6.15,78.0
4750,Business,7.34,6.53,58.7
4751,Psychology,8.34,7.32,65.9
4752,Psychology,40.00,6.15,56.1
4753,Psychology,0.31,6.52,88.3
4754,Business,12.29,6.06,62.9
4755,Psychology,10.02,5.94,72.1
4756,Psychology,4.66,6.19,84.2
4757,Business,14.47,7.77,61.1
4758,Psychology,2.50,7.51,70.0
4759,Psychology,13.20,4.77,54.9
4760,Business,2.01,7.91,94.6
4761,Business,2.00,7.41,61.9
4762,Psychology,4.87,5.51,59.9
4763,Business,6.22,6.30,65.8
4764,Business,8.45,7.32,95.7
4765,Business,3.42,7.87,75.9
4766,Psychology,14.77,5.11,64.9
4767,Business,2.82,7.78,86.3
4768,Business,15.57,7.12,74.5
4769,Psychology,9.72,7.53,68.0
4770,Business,26.07,5.35,31.1
4771,Psychology,28.65,7.22,62.2
4772,Psychology,2.80,8.03,87.1
4773,Psychology,3.01,6.23,68.8
4774,Business,11.71,7.65,83.4
4775,Psychology,10.82,5.78,74.7
4776,Psychology,8.30,7.27,74.6
4777,Psychology,5.44,7.69,70.6
4778,Psychology,3.05,8.36,67.4
4779,Business,40.00,6.95,51.7
4780,Business,1.09,6.40,72.5
4781,Psychology,1.07,7.68,73.6
4782,Psychology,6.14,6.20,66.9
4783,Psychology,1.70,6.01,77.3
4784,Psychology,0.15,6.85,88.7
4785,Business,8.74,6.49,91.4
4786,Business,1.20,6.43,64.1
4787,Psychology,11.21,6.37,62.1
4788,Business,3.88,7.25,81.3
4789,Psychology,1.14,6.17,69.2
4790,Business,11.34,4.94,74.6
4791,Business,39.58,7.68,61.6
4792,Psychology,18.25,6.26,60.5
4793,Psychology,7.99,6.81,70.0
4794,Psychology,20.51,4.63,58.5
4795,Business,21.52,7.30,59.3
4796,Business,2.78,6.18,78.3
4797,Business,8.33,6.42,93.8
4798,Business,9.78,6.50,82.7
4799,Business,0.52,5.67,87.0
4800,Psychology,6.52,5.32,64.6
4801,Psychology,12.12,8.42,79.7
4802,Business,3.81,8.07,80.4
4803,Psychology,0.47,8.35,90.3
4804,Psychology,0.89,7.55,96.4
4805,Business,4.95,7.62,97.3
4806,Psychology,4.06,7.17,64.5
4807,Psychology,4.30,6.44,88.6
4808,Business,10.04,10.54,100.0
4809,Psychology,10.27,7.66,79.0
4810,Business,25.48,4.78,59.7
4811,Business,36.53,5.03,76.4
4812,Psychology,2.09,6.92,85.9
4813,Psychology,21.26,4.83,55.3
4814,Psychology,11.11,5.68,87.2
4815,Business,6.75,6.40,65.3
4816,Psychology,12.24,8.15,73.8
4817,Business,4.27,7.54,88.7
4818,Business,0.29,6.92,81.5
4819,Business,22.94,7.00,81.5
4820,Psychology,5.43,7.83,94.1
4821,Psychology,7.46,7.86,61.9
4822,Business,0.37,7.47,92.7
4823,Business,20.46,6.48,57.4
4824,Psychology,2.30,8.02,78.6
4825,Psychology,1.16,7.02,69.2
4826,Business,23.57,7.61,97.3
4827,Psychology,0.16,9.50,76.7
4828,Business,0.49,7.64,84.2
4829,Business,0.95,5.88,87.8
4830,Psychology,0.51,5.81,75.9
4831,Business,5.89,4.97,69.7
4832,Psychology,25.09,4.39,42.3
4833,Psychology,5.30,7.25,67.8
4834,Psychology,11.92,6.30,58.5
4835,Psychology,6.25,8.67,83.9
4836,Psychology,3.90,6.05,86.1
4837,Business,8.39,6.38,59.7
4838,Business,20.31,4.39,64.5
4839,Business,4.37,5.58,70.4
4840,Psychology,8.68,5.02,73.6
4841,Psychology,1.82,5.85,68.3
4842,Business,1.05,5.08,94.5
4843,Psychology,6.57,5.55,58.7
4844,Business,20.53,5.71,69.3
4845,Business,6.17,7.12,74.4
4846,Business,27.46,7.56,63.3
4847,Psychology,40.00,8.50,57.9
4848,Business,6.47,7.16,85.6
4849,Psychology,8.28,5.91,79.9
4850,Business,3.71,6.74,76.4
4851,Psychology,4.45,6.14,65.6
4852,Business,3.59,6.15,90.1
4853,Business,15.39,7.36,71.9
4854,Business,7.88,7.23,53.2
4855,Business,7.65,6.91,75.1
4856,Business,12.85,6.73,80.2
4857,Business,3.67,8.80,90.4
4858,Psychology,1.11,6.13,76.8
4859,Psychology,19.28,6.58,68.9
4860,Business,8.68,7.82,85.9
4861,Business,33.45,7.53,39.4
4862,Business,6.25,7.41,73.4
4863,Psychology,3.87,7.88,75.4
4864,Business,13.06,6.42,73.0
4865,Psychology,0.81,7.37,65.4
4866,Business,21.14,8.22,65.7
4867,Business,3.04,8.28,76.7
4868,Psychology,15.91,6.82,80.8
4869,Psychology,20.62,7.43,82.9
4870,Business,20.27,6.98,57.8
4871,Psychology,0.04,8.51,87.5
4872,Psychology,5.40,7.57,83.6
4873,Business,23.95,6.34,75.8
4874,Psychology,24.95,5.69,70.4
4875,Psychology,6.82,9.81,88.9
4876,Business,24.30,6.10,52.9
4877,Psychology,5.41,8.69,86.2
4878,Psychology,9.70,6.43,72.2
4879,Psychology,13.21,7.33,61.8
4880,Psychology,37.20,5.35,55.4
4881,Psychology,14.72,7.73,73.3
4882,Business,1.62,8.25,72.7
4883,Business,8.06,7.15,66.7
4884,Psychology,17.39,6.52,62.8
4885,Business,7.80,7.76,70.7
4886,Business,4.08,9.22,76.2
4887,Psychology,1.41,6.77,95.2
4888,Business,6.76,5.38,62.9
4889,Business,9.13,6.26,83.5
4890,Business,1.42,6.69,77.3
4891,Business,0.58,8.67,93.0
4892,Business,17.87,3.68,66.6
4893,Business,3.84,8.22,62.1
4894,Business,1.77,9.81,94.7
4895,Business,7.95,6.18,70.2
4896,Psychology,8.76,6.74,72.0
4897,Business,3.89,8.11,96.8
4898,Business,0.54,7.35,78.5
4899,Business,13.79,6.68,80.4
4900,Psychology,4.68,6.39,92.0
4901,Psychology,0.50,7.47,85.7
4902,Business,34.32,5.88,55.9
4903,Psychology,9.60,5.88,71.8
4904,Psychology,32.69,5.79,71.0
4905,Psychology,4.89,6.97,65.2
4906,Psychology,32.32,4.91,44.9
4907,Business,15.66,6.36,79.3
4908,Psychology,14.44,7.49,71.0
4909,Business,9.65,5.69,78.8
4910,Business,6.76,7.16,75.5
4911,Psychology,4.15,8.77,83.2
4912,Business,0.00,5.88,90.4
4913,Psychology,5.89,7.62,81.3
4914,Psychology,11.47,7.22,62.4
4915,Psychology,3.89,5.04,66.1
4916,Business,13.22,7.42,93.4
4917,Business,5.20,7.92,79.7
4918,Business,10.83,8.29,89.2
4919,Business,7.55,5.70,76.5
4920,Psychology,1.14,8.28,69.7
4921,Psychology,14.85,5.93,81.0
4922,Psychology,6.21,7.12,94.2
4923,Business,5.31,7.34,76.6
4924,Business,38.34,5.45,70.8
4925,Business,15.15,5.47,64.7
4926,Psychology,15.79,7.71,67.6
4927,Psychology,11.97,7.94,86.4
4928,Psychology,6.45,8.14,57.0
4929,Business,1.52,7.80,74.9
4930,Business,21.21,5.12,64.4
4931,Business,6.57,8.19,61.4
4932,Psychology,19.65,7.05,60.7
4933,Business,0.18,5.65,70.3
4934,Business,3.63,6.15,44.6
4935,Business,1.39,6.25,88.3
4936,Business,20.66,5.80,60.8
4937,Psychology,5.20,4.91,74.6
4938,Psychology,0.39,7.65,80.1
4939,Psychology,6.05,6.93,75.0
4940,Psychology,4.19,7.58,96.1
4941,Psychology,40.00,5.11,58.4
4942,Business,12.46,7.48,81.2
4943,Psychology,21.84,7.10,70.5
4944,Business,2.37,8.73,61.8
4945,Business,5.16,7.20,80.4
4946,Psychology,5.36,8.32,73.0
4947,Business,4.78,7.79,70.7
4948,Psychology,40.00,5.66,64.4
4949,Psychology,0.81,6.64,77.1
4950,Business,17.41,4.76,49.5
4951,Business,7.90,6.27,76.3
4952,Psychology,7.10,6.59,76.0
4953,Psychology,6.39,6.91,65.7
4954,Psychology,9.19,7.32,97.5
4955,Psychology,0.38,7.20,81.9
4956,Psychology,4.59,8.12,72.5
4957,Psychology,4.60,7.41,76.7
4958,Business,2.31,8.27,82.1
4959,Business,7.11,8.34,100.0
4960,Psychology,24.49,6.84,74.0
4961,Business,7.07,6.36,74.8
4962,Business,11.77,7.84,72.8
4963,Psychology,2.06,8.42,99.3
4964,Business,14.91,6.13,63.9
4965,Business,15.08,6.78,51.8
4966,Psychology,6.11,6.86,61.9
4967,Business,13.87,6.09,72.6
4968,Psychology,2.65,4.61,66.1
4969,Business,16.98,6.11,88.6
4970,Psychology,13.26,7.07,82.9
4971,Psychology,3.97,5.79,79.6
4972,Business,6.82,6.15,76.3
4973,Psychology,2.80,6.72,70.7
4974,Business,4.95,6.52,74.2
4975,Psychology,8.05,5.99,90.6
4976,Psychology,3.00,8.36,80.2
4977,Business,7.34,6.51,81.8
4978,Psychology,7.03,6.39,90.5
4979,Psychology,6.71,7.62,71.4
4980,Business,6.60,5.86,51.8
4981,Business,8.83,5.63,78.2
4982,Business,5.48,7.62,84.1
4983,Psychology,13.12,4.86,49.6
4984,Psychology,2.34,6.02,91.5
4985,Business,32.54,7.40,57.0
4986,Business,20.40,5.46,55.4
4987,Business,40.00,6.18,53.7
4988,Psychology,8.65,8.02,81.1
4989,Business,27.27,6.29,78.8
4990,Psychology,13.69,5.27,74.3
4991,Psychology,10.21,7.86,73.5
4992,Psychology,21.57,8.32,56.0
4993,Business,6.95,7.01,74.1
4994,Business,4.21,6.95,71.9
4995,Psychology,3.95,6.38,82.1
4996,Psychology,3.84,7.73,89.2
4997,Psychology,9.08,7.52,84.2
4998,Business,11.27,5.76,80.8
4999,Business,11.61,7.92,53.5
5000,Business,20.68,7.71,62.3
